recorded_date,recorded_hour,demand_type,value
2026-03-12,0,Actual Demand,1496829
2026-03-24,0,Actual Demand,1518774
2026-03-09,0,Actual Demand,1350111
2026-03-20,0,Actual Demand,1486428
2026-03-14,0,Actual Demand,1425294
2026-04-02,0,Actual Demand,1536936
2026-03-15,0,Actual Demand,1382877
2026-03-17,0,Actual Demand,1537686
2026-03-16,0,Actual Demand,1416045
2026-03-21,0,Actual Demand,1477134
2026-03-06,0,Actual Demand,1489116
2026-03-28,0,Actual Demand,1461126
2026-03-19,0,Actual Demand,1503192
2026-03-13,0,Actual Demand,1451667
2026-03-26,0,Actual Demand,1525548
2026-03-18,0,Actual Demand,1565181
2026-03-22,0,Actual Demand,1447746
2026-04-01,0,Actual Demand,1540584
2026-03-07,0,Actual Demand,1489740
2026-03-27,0,Actual Demand,1546218
2026-03-31,0,Actual Demand,1502733
2026-03-08,0,Actual Demand,1388601
2026-03-23,0,Actual Demand,1486119
2026-03-10,0,Actual Demand,1464837
2026-03-05,0,Actual Demand,1489269
2026-03-29,0,Actual Demand,1336197
2026-03-11,0,Actual Demand,1502820
2026-03-25,0,Actual Demand,1483683
2026-03-30,0,Actual Demand,1383351
2026-03-04,0,Actual Demand,1511994
2026-03-22,1,Actual Demand,1442742
2026-03-17,1,Actual Demand,1557021
2026-03-15,1,Actual Demand,1394811
2026-03-11,1,Actual Demand,1499562
2026-03-18,1,Actual Demand,1599814
2026-03-09,1,Actual Demand,1378065
2026-03-14,1,Actual Demand,1431714
2026-03-05,1,Actual Demand,1495134
2026-03-23,1,Actual Demand,1480281
2026-03-24,1,Actual Demand,1516866
2026-04-01,1,Actual Demand,1533900
2026-03-07,1,Actual Demand,1484298
2026-03-10,1,Actual Demand,1465128
2026-03-29,1,Actual Demand,1361388
2026-03-12,1,Actual Demand,1494819
2026-04-02,1,Actual Demand,1526406
2026-03-19,1,Actual Demand,1529067
2026-03-27,1,Actual Demand,1542564
2026-03-20,1,Actual Demand,1503681
2026-03-16,1,Actual Demand,1426338
2026-03-06,1,Actual Demand,1500366
2026-03-08,1,Actual Demand,1392660
2026-03-30,1,Actual Demand,1403544
2026-03-13,1,Actual Demand,1480404
2026-03-25,1,Actual Demand,1501611
2026-03-31,1,Actual Demand,1502118
2026-03-04,1,Actual Demand,1524027
2026-03-26,1,Actual Demand,1529868
2026-03-21,1,Actual Demand,1470507
2026-03-28,1,Actual Demand,1462848
2026-03-12,2,Actual Demand,1471017
2026-03-04,2,Actual Demand,1509426
2026-04-01,2,Actual Demand,1501020
2026-03-24,2,Actual Demand,1486449
2026-03-13,2,Actual Demand,1473285
2026-04-02,2,Actual Demand,1494459
2026-03-15,2,Actual Demand,1387422
2026-03-20,2,Actual Demand,1477320
2026-03-19,2,Actual Demand,1515858
2026-03-07,2,Actual Demand,1469598
2026-03-06,2,Actual Demand,1493022
2026-03-23,2,Actual Demand,1447452
2026-03-09,2,Actual Demand,1384542
2026-03-08,2,Actual Demand,1380639
2026-03-05,2,Actual Demand,1487178
2026-03-21,2,Actual Demand,1436085
2026-03-17,2,Actual Demand,1545099
2026-03-29,2,Actual Demand,1362660
2026-03-30,2,Actual Demand,1394133
2026-03-25,2,Actual Demand,1480341
2026-03-22,2,Actual Demand,1412616
2026-03-11,2,Actual Demand,1473096
2026-03-26,2,Actual Demand,1502619
2026-03-28,2,Actual Demand,1443039
2026-03-10,2,Actual Demand,1442394
2026-03-16,2,Actual Demand,1409352
2026-03-18,2,Actual Demand,1593204
2026-03-14,2,Actual Demand,1419981
2026-03-27,2,Actual Demand,1508430
2026-03-31,2,Actual Demand,1475589
2026-03-22,3,Actual Demand,1363431
2026-04-01,3,Actual Demand,1438917
2026-03-15,3,Actual Demand,1359243
2026-03-25,3,Actual Demand,1428618
2026-03-04,3,Actual Demand,1480605
2026-03-28,3,Actual Demand,1399455
2026-03-20,3,Actual Demand,1427700
2026-03-16,3,Actual Demand,1367751
2026-03-08,3,Actual Demand,1357263
2026-03-06,3,Actual Demand,1460163
2026-03-13,3,Actual Demand,1436949
2026-03-12,3,Actual Demand,1420863
2026-03-09,3,Actual Demand,1354047
2026-03-29,3,Actual Demand,1337220
2026-03-19,3,Actual Demand,1470828
2026-03-21,3,Actual Demand,1381323
2026-03-05,3,Actual Demand,1457373
2026-03-18,3,Actual Demand,1551720
2026-03-26,3,Actual Demand,1441389
2026-03-10,3,Actual Demand,1394049
2026-03-07,3,Actual Demand,1440516
2026-03-31,3,Actual Demand,1417608
2026-03-17,3,Actual Demand,1503900
2026-03-27,3,Actual Demand,1445820
2026-04-02,3,Actual Demand,1439163
2026-03-30,3,Actual Demand,1349676
2026-03-14,3,Actual Demand,1386201
2026-03-11,3,Actual Demand,1422939
2026-03-24,3,Actual Demand,1426074
2026-03-23,3,Actual Demand,1388061
2026-03-24,4,Actual Demand,1354107
2026-04-02,4,Actual Demand,1367040
2026-03-31,4,Actual Demand,1349697
2026-04-01,4,Actual Demand,1363158
2026-03-14,4,Actual Demand,1342167
2026-03-19,4,Actual Demand,1410234
2026-03-05,4,Actual Demand,1405185
2026-03-27,4,Actual Demand,1371465
2026-03-09,4,Actual Demand,1301580
2026-03-11,4,Actual Demand,1358361
2026-03-25,4,Actual Demand,1363107
2026-03-26,4,Actual Demand,1367145
2026-03-28,4,Actual Demand,1339407
2026-03-06,4,Actual Demand,1408473
2026-03-04,4,Actual Demand,1424664
2026-03-08,4,Actual Demand,1314537
2026-03-10,4,Actual Demand,1335852
2026-03-12,4,Actual Demand,1359348
2026-03-29,4,Actual Demand,1296723
2026-03-21,4,Actual Demand,1320555
2026-03-30,4,Actual Demand,1292529
2026-03-17,4,Actual Demand,1446999
2026-03-15,4,Actual Demand,1319607
2026-03-20,4,Actual Demand,1366704
2026-03-07,4,Actual Demand,1396173
2026-03-23,4,Actual Demand,1316916
2026-03-22,4,Actual Demand,1301568
2026-03-18,4,Actual Demand,1496256
2026-03-16,4,Actual Demand,1317918
2026-03-13,4,Actual Demand,1383573
2026-03-07,5,Actual Demand,1345923
2026-03-22,5,Actual Demand,1241619
2026-03-25,5,Actual Demand,1309869
2026-03-10,5,Actual Demand,1281282
2026-03-14,5,Actual Demand,1296207
2026-03-16,5,Actual Demand,1270266
2026-03-08,5,Actual Demand,1268691
2026-03-13,5,Actual Demand,1340130
2026-03-09,5,Actual Demand,1239306
2026-03-18,5,Actual Demand,1446368
2026-03-19,5,Actual Demand,1357986
2026-03-23,5,Actual Demand,1250028
2026-03-11,5,Actual Demand,1301595
2026-03-31,5,Actual Demand,1283580
2026-03-20,5,Actual Demand,1305018
2026-03-12,5,Actual Demand,1302630
2026-03-26,5,Actual Demand,1301139
2026-03-15,5,Actual Demand,1276806
2026-03-29,5,Actual Demand,1253628
2026-04-01,5,Actual Demand,1293282
2026-03-30,5,Actual Demand,1234929
2026-03-28,5,Actual Demand,1281768
2026-03-06,5,Actual Demand,1350981
2026-03-27,5,Actual Demand,1303683
2026-03-17,5,Actual Demand,1416393
2026-03-05,5,Actual Demand,1342788
2026-03-04,5,Actual Demand,1361880
2026-04-02,5,Actual Demand,1300800
2026-03-24,5,Actual Demand,1293942
2026-03-21,5,Actual Demand,1256319
2026-04-01,6,Actual Demand,1234590
2026-04-02,6,Actual Demand,1255029
2026-03-07,6,Actual Demand,1295754
2026-03-06,6,Actual Demand,1301220
2026-03-11,6,Actual Demand,1249410
2026-03-17,6,Actual Demand,1380936
2026-03-18,6,Actual Demand,1411270
2026-03-30,6,Actual Demand,1187184
2026-03-13,6,Actual Demand,1309026
2026-03-12,6,Actual Demand,1257387
2026-03-05,6,Actual Demand,1289265
2026-03-28,6,Actual Demand,1235799
2026-03-10,6,Actual Demand,1233444
2026-03-22,6,Actual Demand,1191075
2026-03-16,6,Actual Demand,1229217
2026-03-29,6,Actual Demand,1215051
2026-03-26,6,Actual Demand,1243926
2026-03-19,6,Actual Demand,1325265
2026-03-24,6,Actual Demand,1248624
2026-03-04,6,Actual Demand,1303668
2026-03-31,6,Actual Demand,1228272
2026-03-25,6,Actual Demand,1264080
2026-03-20,6,Actual Demand,1234521
2026-03-14,6,Actual Demand,1257423
2026-03-09,6,Actual Demand,1198227
2026-03-08,6,Actual Demand,1223349
2026-03-15,6,Actual Demand,1240137
2026-03-27,6,Actual Demand,1248111
2026-03-21,6,Actual Demand,1204503
2026-03-23,6,Actual Demand,1196256
2026-03-20,7,Actual Demand,1202475
2026-03-12,7,Actual Demand,1222302
2026-03-13,7,Actual Demand,1286124
2026-04-01,7,Actual Demand,1189965
2026-03-09,7,Actual Demand,1169199
2026-03-28,7,Actual Demand,1202472
2026-03-23,7,Actual Demand,1157130
2026-03-14,7,Actual Demand,1230444
2026-03-19,7,Actual Demand,1295787
2026-03-10,7,Actual Demand,1196649
2026-03-11,7,Actual Demand,1210059
2026-03-15,7,Actual Demand,1212699
2026-03-18,7,Actual Demand,1391628
2026-03-27,7,Actual Demand,1204254
2026-03-16,7,Actual Demand,1197765
2026-03-06,7,Actual Demand,1257582
2026-03-30,7,Actual Demand,1153731
2026-03-24,7,Actual Demand,1215807
2026-03-17,7,Actual Demand,1374909
2026-03-26,7,Actual Demand,1198836
2026-04-02,7,Actual Demand,1211043
2026-03-25,7,Actual Demand,1227357
2026-03-21,7,Actual Demand,1164648
2026-03-29,7,Actual Demand,1190208
2026-03-31,7,Actual Demand,1186617
2026-03-05,7,Actual Demand,1245117
2026-03-04,7,Actual Demand,1258656
2026-03-07,7,Actual Demand,1250841
2026-03-08,7,Actual Demand,1185615
2026-03-22,7,Actual Demand,1150578
2026-03-06,8,Actual Demand,1230255
2026-03-05,8,Actual Demand,1211874
2026-03-30,8,Actual Demand,1145556
2026-03-15,8,Actual Demand,1194057
2026-03-28,8,Actual Demand,1182597
2026-03-24,8,Actual Demand,1198053
2026-03-19,8,Actual Demand,1281321
2026-03-14,8,Actual Demand,1211649
2026-04-01,8,Actual Demand,1166028
2026-03-10,8,Actual Demand,1176852
2026-03-18,8,Actual Demand,1381265
2026-03-23,8,Actual Demand,1136253
2026-03-31,8,Actual Demand,1164189
2026-03-04,8,Actual Demand,1236354
2026-04-02,8,Actual Demand,1186242
2026-03-16,8,Actual Demand,1186371
2026-03-27,8,Actual Demand,1177248
2026-03-26,8,Actual Demand,1175508
2026-03-17,8,Actual Demand,1369818
2026-03-12,8,Actual Demand,1201893
2026-03-25,8,Actual Demand,1207983
2026-03-08,8,Actual Demand,1166007
2026-03-20,8,Actual Demand,1197570
2026-03-13,8,Actual Demand,1275861
2026-03-11,8,Actual Demand,1190880
2026-03-09,8,Actual Demand,1153659
2026-03-21,8,Actual Demand,1136082
2026-03-29,8,Actual Demand,1174938
2026-03-07,8,Actual Demand,1219761
2026-03-22,8,Actual Demand,1122717
2026-03-11,9,Actual Demand,1183881
2026-03-24,9,Actual Demand,1196913
2026-03-21,9,Actual Demand,1123842
2026-03-25,9,Actual Demand,1208580
2026-03-28,9,Actual Demand,1169262
2026-03-14,9,Actual Demand,1201956
2026-03-09,9,Actual Demand,1150944
2026-03-05,9,Actual Demand,1195128
2026-03-19,9,Actual Demand,1282722
2026-03-27,9,Actual Demand,1165887
2026-03-18,9,Actual Demand,1386704
2026-03-08,9,Actual Demand,1149981
2026-03-15,9,Actual Demand,1181448
2026-03-30,9,Actual Demand,1144821
2026-03-22,9,Actual Demand,1102929
2026-03-20,9,Actual Demand,1194264
2026-04-02,9,Actual Demand,1178922
2026-03-26,9,Actual Demand,1169463
2026-03-13,9,Actual Demand,1279812
2026-03-10,9,Actual Demand,1172007
2026-03-07,9,Actual Demand,1201842
2026-03-06,9,Actual Demand,1211025
2026-03-31,9,Actual Demand,1150908
2026-03-12,9,Actual Demand,1197090
2026-03-16,9,Actual Demand,1189065
2026-03-23,9,Actual Demand,1133037
2026-03-29,9,Actual Demand,1168875
2026-04-01,9,Actual Demand,1158888
2026-03-17,9,Actual Demand,1377917
2026-03-04,9,Actual Demand,1221042
2026-03-07,10,Actual Demand,1194216
2026-03-26,10,Actual Demand,1186962
2026-03-13,10,Actual Demand,1311726
2026-03-16,10,Actual Demand,1213794
2026-03-27,10,Actual Demand,1182048
2026-04-01,10,Actual Demand,1173981
2026-03-17,10,Actual Demand,1419441
2026-03-11,10,Actual Demand,1201422
2026-03-28,10,Actual Demand,1175970
2026-03-06,10,Actual Demand,1206849
2026-03-21,10,Actual Demand,1120728
2026-03-15,10,Actual Demand,1179612
2026-03-22,10,Actual Demand,1097892
2026-03-29,10,Actual Demand,1175397
2026-04-02,10,Actual Demand,1195074
2026-03-12,10,Actual Demand,1220283
2026-03-25,10,Actual Demand,1239786
2026-03-05,10,Actual Demand,1191174
2026-03-08,10,Actual Demand,1141584
2026-03-10,10,Actual Demand,1193220
2026-03-14,10,Actual Demand,1207605
2026-03-31,10,Actual Demand,1172733
2026-03-18,10,Actual Demand,1423839
2026-03-30,10,Actual Demand,1167624
2026-03-19,10,Actual Demand,1313454
2026-03-20,10,Actual Demand,1223265
2026-03-04,10,Actual Demand,1219377
2026-03-09,10,Actual Demand,1180692
2026-03-23,10,Actual Demand,1154694
2026-03-24,10,Actual Demand,1228023
2026-03-12,11,Actual Demand,1275588
2026-03-23,11,Actual Demand,1218564
2026-03-26,11,Actual Demand,1251378
2026-03-11,11,Actual Demand,1252167
2026-03-29,11,Actual Demand,1197777
2026-03-10,11,Actual Demand,1252485
2026-04-02,11,Actual Demand,1251513
2026-03-30,11,Actual Demand,1232163
2026-03-13,11,Actual Demand,1378641
2026-03-15,11,Actual Demand,1190406
2026-03-21,11,Actual Demand,1134600
2026-03-27,11,Actual Demand,1232991
2026-03-04,11,Actual Demand,1245972
2026-03-07,11,Actual Demand,1191795
2026-03-08,11,Actual Demand,1145844
2026-03-24,11,Actual Demand,1301031
2026-03-18,11,Actual Demand,1495227
2026-03-19,11,Actual Demand,1383654
2026-03-28,11,Actual Demand,1203435
2026-03-14,11,Actual Demand,1232646
2026-03-22,11,Actual Demand,1103934
2026-04-01,11,Actual Demand,1226160
2026-03-25,11,Actual Demand,1307511
2026-03-16,11,Actual Demand,1276512
2026-03-05,11,Actual Demand,1216902
2026-03-20,11,Actual Demand,1287291
2026-03-06,11,Actual Demand,1230507
2026-03-17,11,Actual Demand,1501548
2026-03-31,11,Actual Demand,1233618
2026-03-09,11,Actual Demand,1248690
2026-03-11,12,Actual Demand,1311534
2026-03-29,12,Actual Demand,1226376
2026-03-28,12,Actual Demand,1240941
2026-03-16,12,Actual Demand,1347459
2026-04-02,12,Actual Demand,1312509
2026-03-30,12,Actual Demand,1293552
2026-03-18,12,Actual Demand,1554267
2026-03-27,12,Actual Demand,1292823
2026-03-14,12,Actual Demand,1267806
2026-03-20,12,Actual Demand,1349865
2026-03-31,12,Actual Demand,1293843
2026-03-21,12,Actual Demand,1166484
2026-03-26,12,Actual Demand,1313091
2026-03-24,12,Actual Demand,1366647
2026-03-05,12,Actual Demand,1284657
2026-03-07,12,Actual Demand,1206750
2026-03-10,12,Actual Demand,1313043
2026-03-12,12,Actual Demand,1341270
2026-03-25,12,Actual Demand,1370739
2026-03-04,12,Actual Demand,1313220
2026-03-15,12,Actual Demand,1217418
2026-03-23,12,Actual Demand,1290261
2026-03-06,12,Actual Demand,1288944
2026-03-13,12,Actual Demand,1444824
2026-03-19,12,Actual Demand,1451610
2026-03-22,12,Actual Demand,1126128
2026-04-01,12,Actual Demand,1282887
2026-03-08,12,Actual Demand,1163610
2026-03-17,12,Actual Demand,1581183
2026-03-09,12,Actual Demand,1316142
2026-03-21,13,Actual Demand,1196652
2026-03-10,13,Actual Demand,1337400
2026-03-19,13,Actual Demand,1475517
2026-03-18,13,Actual Demand,1576014
2026-03-14,13,Actual Demand,1295607
2026-03-17,13,Actual Demand,1611953
2026-04-01,13,Actual Demand,1317486
2026-03-05,13,Actual Demand,1347405
2026-03-26,13,Actual Demand,1337070
2026-03-20,13,Actual Demand,1367118
2026-03-29,13,Actual Demand,1238010
2026-03-31,13,Actual Demand,1323657
2026-03-30,13,Actual Demand,1322061
2026-03-16,13,Actual Demand,1399056
2026-03-13,13,Actual Demand,1471944
2026-03-11,13,Actual Demand,1341093
2026-03-09,13,Actual Demand,1341825
2026-03-24,13,Actual Demand,1384782
2026-04-02,13,Actual Demand,1355079
2026-03-06,13,Actual Demand,1345767
2026-03-04,13,Actual Demand,1372983
2026-03-23,13,Actual Demand,1337466
2026-03-28,13,Actual Demand,1261611
2026-03-12,13,Actual Demand,1384494
2026-03-22,13,Actual Demand,1159512
2026-03-08,13,Actual Demand,1188879
2026-03-25,13,Actual Demand,1387392
2026-03-07,13,Actual Demand,1233324
2026-03-27,13,Actual Demand,1334907
2026-03-15,13,Actual Demand,1246215
2026-03-21,14,Actual Demand,1219938
2026-03-24,14,Actual Demand,1379865
2026-03-17,14,Actual Demand,1603832
2026-03-06,14,Actual Demand,1384257
2026-04-02,14,Actual Demand,1390662
2026-03-29,14,Actual Demand,1237200
2026-03-09,14,Actual Demand,1348476
2026-03-07,14,Actual Demand,1274865
2026-04-01,14,Actual Demand,1347546
2026-03-15,14,Actual Demand,1276362
2026-03-27,14,Actual Demand,1361967
2026-03-04,14,Actual Demand,1395477
2026-03-22,14,Actual Demand,1200063
2026-03-20,14,Actual Demand,1355256
2026-03-10,14,Actual Demand,1352211
2026-03-14,14,Actual Demand,1313322
2026-03-13,14,Actual Demand,1466499
2026-03-28,14,Actual Demand,1273692
2026-03-26,14,Actual Demand,1347678
2026-03-08,14,Actual Demand,1222092
2026-03-23,14,Actual Demand,1369377
2026-03-31,14,Actual Demand,1350273
2026-03-11,14,Actual Demand,1368057
2026-03-30,14,Actual Demand,1334679
2026-03-12,14,Actual Demand,1411314
2026-03-16,14,Actual Demand,1437534
2026-03-25,14,Actual Demand,1382661
2026-03-18,14,Actual Demand,1563255
2026-03-05,14,Actual Demand,1387104
2026-03-19,14,Actual Demand,1459464
2026-03-04,15,Actual Demand,1401426
2026-03-10,15,Actual Demand,1367652
2026-03-29,15,Actual Demand,1231845
2026-03-22,15,Actual Demand,1235934
2026-03-24,15,Actual Demand,1372683
2026-04-02,15,Actual Demand,1423197
2026-03-25,15,Actual Demand,1375044
2026-03-07,15,Actual Demand,1315704
2026-03-28,15,Actual Demand,1280403
2026-04-01,15,Actual Demand,1346976
2026-03-30,15,Actual Demand,1342086
2026-03-15,15,Actual Demand,1295760
2026-03-13,15,Actual Demand,1446246
2026-03-19,15,Actual Demand,1434441
2026-03-27,15,Actual Demand,1382835
2026-03-23,15,Actual Demand,1392231
2026-03-12,15,Actual Demand,1421370
2026-03-16,15,Actual Demand,1465290
2026-03-06,15,Actual Demand,1413147
2026-03-26,15,Actual Demand,1356258
2026-03-21,15,Actual Demand,1237653
2026-03-08,15,Actual Demand,1247733
2026-03-09,15,Actual Demand,1351956
2026-03-17,15,Actual Demand,1571736
2026-03-18,15,Actual Demand,1528464
2026-03-05,15,Actual Demand,1411128
2026-03-31,15,Actual Demand,1380525
2026-03-11,15,Actual Demand,1393086
2026-03-14,15,Actual Demand,1322688
2026-03-20,15,Actual Demand,1340397
2026-03-18,16,Actual Demand,1493061
2026-03-28,16,Actual Demand,1285464
2026-03-22,16,Actual Demand,1264722
2026-03-11,16,Actual Demand,1412019
2026-03-09,16,Actual Demand,1356984
2026-03-04,16,Actual Demand,1409085
2026-04-02,16,Actual Demand,1443954
2026-03-10,16,Actual Demand,1375878
2026-03-15,16,Actual Demand,1310253
2026-03-31,16,Actual Demand,1400910
2026-03-25,16,Actual Demand,1374669
2026-03-20,16,Actual Demand,1342488
2026-03-19,16,Actual Demand,1415721
2026-03-06,16,Actual Demand,1435173
2026-03-29,16,Actual Demand,1225995
2026-03-24,16,Actual Demand,1367169
2026-03-05,16,Actual Demand,1427424
2026-03-13,16,Actual Demand,1429170
2026-03-16,16,Actual Demand,1477959
2026-03-23,16,Actual Demand,1408845
2026-03-27,16,Actual Demand,1407300
2026-03-26,16,Actual Demand,1384404
2026-03-30,16,Actual Demand,1350669
2026-03-08,16,Actual Demand,1260051
2026-03-21,16,Actual Demand,1254972
2026-03-07,16,Actual Demand,1342374
2026-03-17,16,Actual Demand,1540530
2026-03-12,16,Actual Demand,1420572
2026-03-14,16,Actual Demand,1324305
2026-04-01,16,Actual Demand,1402251
2026-03-23,17,Actual Demand,1422024
2026-03-13,17,Actual Demand,1417755
2026-03-07,17,Actual Demand,1362894
2026-03-20,17,Actual Demand,1348641
2026-03-25,17,Actual Demand,1375698
2026-03-17,17,Actual Demand,1521876
2026-03-30,17,Actual Demand,1364493
2026-03-29,17,Actual Demand,1221954
2026-03-06,17,Actual Demand,1447719
2026-03-09,17,Actual Demand,1365666
2026-03-10,17,Actual Demand,1405122
2026-03-12,17,Actual Demand,1415988
2026-03-27,17,Actual Demand,1400349
2026-03-28,17,Actual Demand,1282347
2026-03-21,17,Actual Demand,1270113
2026-03-16,17,Actual Demand,1483332
2026-03-04,17,Actual Demand,1410792
2026-03-22,17,Actual Demand,1300698
2026-03-08,17,Actual Demand,1273998
2026-03-11,17,Actual Demand,1427070
2026-03-15,17,Actual Demand,1322874
2026-03-18,17,Actual Demand,1458477
2026-03-14,17,Actual Demand,1317447
2026-04-02,17,Actual Demand,1464600
2026-04-01,17,Actual Demand,1431138
2026-03-26,17,Actual Demand,1396356
2026-03-24,17,Actual Demand,1369617
2026-03-19,17,Actual Demand,1404621
2026-03-05,17,Actual Demand,1439073
2026-03-31,17,Actual Demand,1420386
2026-03-20,18,Actual Demand,1358025
2026-03-13,18,Actual Demand,1406163
2026-03-23,18,Actual Demand,1432209
2026-03-27,18,Actual Demand,1432845
2026-03-19,18,Actual Demand,1394841
2026-03-04,18,Actual Demand,1412790
2026-03-21,18,Actual Demand,1292061
2026-03-12,18,Actual Demand,1416567
2026-03-06,18,Actual Demand,1462161
2026-03-16,18,Actual Demand,1486866
2026-03-29,18,Actual Demand,1222623
2026-03-15,18,Actual Demand,1338204
2026-03-18,18,Actual Demand,1428987
2026-03-26,18,Actual Demand,1390941
2026-04-02,18,Actual Demand,1470864
2026-03-11,18,Actual Demand,1443945
2026-03-09,18,Actual Demand,1377846
2026-03-14,18,Actual Demand,1311018
2026-03-17,18,Actual Demand,1494088
2026-03-28,18,Actual Demand,1275417
2026-03-30,18,Actual Demand,1383282
2026-03-07,18,Actual Demand,1372728
2026-03-24,18,Actual Demand,1368051
2026-03-05,18,Actual Demand,1446801
2026-03-10,18,Actual Demand,1417401
2026-03-25,18,Actual Demand,1381575
2026-03-08,18,Actual Demand,1284507
2026-03-22,18,Actual Demand,1325574
2026-03-31,18,Actual Demand,1450743
2026-04-01,18,Actual Demand,1450164
2026-03-30,19,Actual Demand,1407354
2026-03-13,19,Actual Demand,1395792
2026-03-07,19,Actual Demand,1379781
2026-03-20,19,Actual Demand,1374525
2026-03-29,19,Actual Demand,1234269
2026-03-10,19,Actual Demand,1434210
2026-03-11,19,Actual Demand,1454526
2026-03-21,19,Actual Demand,1316652
2026-03-16,19,Actual Demand,1486686
2026-03-26,19,Actual Demand,1451541
2026-03-22,19,Actual Demand,1359003
2026-03-25,19,Actual Demand,1394406
2026-03-28,19,Actual Demand,1265787
2026-03-19,19,Actual Demand,1382865
2026-03-24,19,Actual Demand,1373184
2026-03-18,19,Actual Demand,1405305
2026-03-23,19,Actual Demand,1448190
2026-03-09,19,Actual Demand,1386885
2026-04-01,19,Actual Demand,1489941
2026-03-17,19,Actual Demand,1468563
2026-03-04,19,Actual Demand,1418130
2026-04-02,19,Actual Demand,1486575
2026-03-08,19,Actual Demand,1285398
2026-03-14,19,Actual Demand,1315674
2026-03-12,19,Actual Demand,1412472
2026-03-31,19,Actual Demand,1474923
2026-03-05,19,Actual Demand,1455768
2026-03-15,19,Actual Demand,1354770
2026-03-06,19,Actual Demand,1474947
2026-03-27,19,Actual Demand,1433607
2026-03-20,20,Actual Demand,1396980
2026-03-27,20,Actual Demand,1433202
2026-03-13,20,Actual Demand,1393830
2026-03-25,20,Actual Demand,1419510
2026-03-05,20,Actual Demand,1463523
2026-03-07,20,Actual Demand,1379781
2026-03-28,20,Actual Demand,1262355
2026-03-30,20,Actual Demand,1432851
2026-03-08,20,Actual Demand,1288140
2026-03-11,20,Actual Demand,1464288
2026-03-22,20,Actual Demand,1394097
2026-03-31,20,Actual Demand,1494369
2026-04-01,20,Actual Demand,1512438
2026-03-21,20,Actual Demand,1348140
2026-03-24,20,Actual Demand,1383204
2026-03-12,20,Actual Demand,1407759
2026-03-09,20,Actual Demand,1400418
2026-03-17,20,Actual Demand,1456304
2026-03-18,20,Actual Demand,1396293
2026-03-26,20,Actual Demand,1467534
2026-03-10,20,Actual Demand,1454013
2026-03-04,20,Actual Demand,1422558
2026-03-06,20,Actual Demand,1482615
2026-03-16,20,Actual Demand,1484571
2026-03-29,20,Actual Demand,1249416
2026-03-23,20,Actual Demand,1463598
2026-04-02,20,Actual Demand,1502355
2026-03-15,20,Actual Demand,1366974
2026-03-14,20,Actual Demand,1324938
2026-03-19,20,Actual Demand,1385700
2026-03-25,21,Actual Demand,1446528
2026-03-05,21,Actual Demand,1469553
2026-03-10,21,Actual Demand,1475958
2026-03-26,21,Actual Demand,1500948
2026-03-30,21,Actual Demand,1456299
2026-03-20,21,Actual Demand,1424004
2026-04-02,21,Actual Demand,1515685
2026-03-15,21,Actual Demand,1380756
2026-03-13,21,Actual Demand,1389420
2026-03-17,21,Actual Demand,1457591
2026-03-04,21,Actual Demand,1432659
2026-03-29,21,Actual Demand,1279401
2026-03-31,21,Actual Demand,1512393
2026-03-08,21,Actual Demand,1297473
2026-03-09,21,Actual Demand,1417266
2026-03-06,21,Actual Demand,1487961
2026-03-22,21,Actual Demand,1428738
2026-03-19,21,Actual Demand,1399125
2026-03-28,21,Actual Demand,1271400
2026-03-23,21,Actual Demand,1479390
2026-03-14,21,Actual Demand,1338030
2026-03-11,21,Actual Demand,1481568
2026-03-12,21,Actual Demand,1405656
2026-03-18,21,Actual Demand,1401135
2026-03-24,21,Actual Demand,1408305
2026-03-07,21,Actual Demand,1380759
2026-04-01,21,Actual Demand,1533465
2026-03-16,21,Actual Demand,1486869
2026-03-27,21,Actual Demand,1437858
2026-03-21,21,Actual Demand,1388019
2026-03-16,22,Actual Demand,1499118
2026-03-06,22,Actual Demand,1495482
2026-03-24,22,Actual Demand,1432815
2026-03-26,22,Actual Demand,1530687
2026-03-21,22,Actual Demand,1421370
2026-03-04,22,Actual Demand,1446315
2026-03-14,22,Actual Demand,1352145
2026-04-01,22,Actual Demand,1551528
2026-03-18,22,Actual Demand,1422759
2026-03-27,22,Actual Demand,1454205
2026-03-23,22,Actual Demand,1500396
2026-04-02,22,Actual Demand,1513800
2026-03-11,22,Actual Demand,1493901
2026-03-29,22,Actual Demand,1315398
2026-03-09,22,Actual Demand,1439991
2026-03-10,22,Actual Demand,1496232
2026-03-05,22,Actual Demand,1469202
2026-03-12,22,Actual Demand,1408068
2026-03-30,22,Actual Demand,1484130
2026-03-13,22,Actual Demand,1397958
2026-03-17,22,Actual Demand,1478817
2026-03-19,22,Actual Demand,1426563
2026-03-22,22,Actual Demand,1462368
2026-03-31,22,Actual Demand,1531503
2026-03-15,22,Actual Demand,1393140
2026-03-07,22,Actual Demand,1380600
2026-03-20,22,Actual Demand,1450335
2026-03-25,22,Actual Demand,1479795
2026-03-08,22,Actual Demand,1314063
2026-03-28,22,Actual Demand,1291470
2026-03-12,23,Actual Demand,1426800
2026-03-24,23,Actual Demand,1458342
2026-03-29,23,Actual Demand,1349259
2026-03-25,23,Actual Demand,1508511
2026-03-10,23,Actual Demand,1502205
2026-03-26,23,Actual Demand,1539153
2026-03-13,23,Actual Demand,1410363
2026-03-31,23,Actual Demand,1541100
2026-03-14,23,Actual Demand,1373727
2026-03-23,23,Actual Demand,1513413
2026-03-30,23,Actual Demand,1499013
2026-03-05,23,Actual Demand,1478574
2026-03-28,23,Actual Demand,1309242
2026-03-21,23,Actual Demand,1443222
2026-04-02,23,Actual Demand,1499076
2026-03-20,23,Actual Demand,1467633
2026-03-08,23,Actual Demand,1335045
2026-03-27,23,Actual Demand,1461687
2026-03-17,23,Actual Demand,1514814
2026-03-18,23,Actual Demand,1459410
2026-04-01,23,Actual Demand,1546116
2026-03-19,23,Actual Demand,1457925
2026-03-11,23,Actual Demand,1498488
2026-03-09,23,Actual Demand,1456659
2026-03-06,23,Actual Demand,1494693
2026-03-16,23,Actual Demand,1513227
2026-03-15,23,Actual Demand,1408719
2026-03-22,23,Actual Demand,1482357
2026-03-04,23,Actual Demand,1470129
2026-03-07,23,Actual Demand,1383135
2026-03-23,0,Demand Forecast,1445130
2026-03-09,0,Demand Forecast,1031481
2026-03-24,0,Demand Forecast,1486320
2026-03-29,0,Demand Forecast,1351245
2026-03-30,0,Demand Forecast,1364765
2026-03-17,0,Demand Forecast,1537714
2026-04-01,0,Demand Forecast,1396365
2026-03-21,0,Demand Forecast,1241436
2026-04-02,0,Demand Forecast,1424919
2026-03-27,0,Demand Forecast,1529253
2026-03-13,0,Demand Forecast,1446591
2026-03-26,0,Demand Forecast,1470144
2026-03-31,0,Demand Forecast,1480518
2026-03-04,0,Demand Forecast,1488267
2026-03-11,0,Demand Forecast,1458396
2026-03-10,0,Demand Forecast,1446817
2026-03-14,0,Demand Forecast,1409661
2026-03-16,0,Demand Forecast,1394842
2026-03-06,0,Demand Forecast,1464591
2026-03-08,0,Demand Forecast,1360536
2026-03-05,0,Demand Forecast,1457496
2026-03-22,0,Demand Forecast,1437354
2026-03-07,0,Demand Forecast,1457151
2026-03-25,0,Demand Forecast,1429107
2026-03-19,0,Demand Forecast,1513950
2026-04-03,0,Demand Forecast,1518327
2026-03-28,0,Demand Forecast,1397847
2026-03-12,0,Demand Forecast,1470804
2026-03-20,0,Demand Forecast,1486929
2026-03-18,0,Demand Forecast,1491069
2026-03-15,0,Demand Forecast,1361556
2026-03-20,1,Demand Forecast,1493688
2026-04-03,1,Demand Forecast,1503916
2026-03-12,1,Demand Forecast,1463598
2026-03-21,1,Demand Forecast,1236777
2026-03-22,1,Demand Forecast,1430325
2026-03-27,1,Demand Forecast,1518253
2026-03-26,1,Demand Forecast,1468965
2026-03-29,1,Demand Forecast,1364370
2026-04-01,1,Demand Forecast,1379652
2026-03-10,1,Demand Forecast,1442583
2026-04-02,1,Demand Forecast,1409079
2026-03-05,1,Demand Forecast,1465371
2026-03-25,1,Demand Forecast,1432881
2026-03-31,1,Demand Forecast,1468341
2026-03-28,1,Demand Forecast,1391595
2026-03-04,1,Demand Forecast,1499250
2026-03-06,1,Demand Forecast,1468399
2026-03-13,1,Demand Forecast,1459518
2026-03-08,1,Demand Forecast,1364481
2026-03-24,1,Demand Forecast,1483743
2026-03-19,1,Demand Forecast,1527678
2026-03-17,1,Demand Forecast,1555161
2026-03-09,1,Demand Forecast,1044798
2026-03-23,1,Demand Forecast,1434531
2026-03-15,1,Demand Forecast,1368192
2026-03-11,1,Demand Forecast,1451610
2026-03-18,1,Demand Forecast,1512948
2026-03-30,1,Demand Forecast,1372404
2026-03-14,1,Demand Forecast,1415070
2026-03-16,1,Demand Forecast,1403913
2026-03-07,1,Demand Forecast,1452345
2026-03-04,2,Demand Forecast,1490772
2026-03-12,2,Demand Forecast,1438801
2026-03-09,2,Demand Forecast,1037160
2026-04-02,2,Demand Forecast,1377141
2026-04-03,2,Demand Forecast,1472427
2026-03-24,2,Demand Forecast,1458150
2026-03-06,2,Demand Forecast,1459080
2026-03-05,2,Demand Forecast,1455795
2026-03-10,2,Demand Forecast,1417047
2026-03-16,2,Demand Forecast,1396440
2026-03-19,2,Demand Forecast,1510617
2026-03-27,2,Demand Forecast,1482093
2026-03-21,2,Demand Forecast,1208826
2026-03-14,2,Demand Forecast,1401969
2026-03-26,2,Demand Forecast,1444242
2026-03-11,2,Demand Forecast,1423773
2026-03-31,2,Demand Forecast,1437369
2026-04-01,2,Demand Forecast,1345476
2026-03-07,2,Demand Forecast,1435283
2026-03-08,2,Demand Forecast,1355919
2026-03-28,2,Demand Forecast,1370729
2026-03-18,2,Demand Forecast,1506141
2026-03-20,2,Demand Forecast,1471710
2026-03-30,2,Demand Forecast,1359049
2026-03-29,2,Demand Forecast,1358856
2026-03-13,2,Demand Forecast,1449387
2026-03-25,2,Demand Forecast,1409064
2026-03-23,2,Demand Forecast,1406271
2026-03-22,2,Demand Forecast,1399272
2026-03-17,2,Demand Forecast,1548651
2026-03-15,2,Demand Forecast,1360311
2026-04-01,3,Demand Forecast,1289490
2026-03-16,3,Demand Forecast,1356325
2026-03-25,3,Demand Forecast,1358553
2026-03-13,3,Demand Forecast,1411146
2026-04-02,3,Demand Forecast,1326516
2026-03-18,3,Demand Forecast,1469529
2026-03-29,3,Demand Forecast,1327563
2026-03-07,3,Demand Forecast,1402407
2026-03-05,3,Demand Forecast,1420857
2026-03-08,3,Demand Forecast,1328643
2026-03-12,3,Demand Forecast,1384848
2026-03-17,3,Demand Forecast,1509633
2026-03-28,3,Demand Forecast,1327269
2026-03-24,3,Demand Forecast,1405140
2026-03-21,3,Demand Forecast,1162641
2026-03-14,3,Demand Forecast,1364580
2026-03-10,3,Demand Forecast,1362801
2026-03-26,3,Demand Forecast,1382976
2026-03-04,3,Demand Forecast,1452914
2026-03-11,3,Demand Forecast,1370423
2026-03-22,3,Demand Forecast,1348692
2026-03-20,3,Demand Forecast,1419480
2026-03-06,3,Demand Forecast,1424001
2026-03-27,3,Demand Forecast,1418844
2026-03-23,3,Demand Forecast,1352571
2026-03-19,3,Demand Forecast,1467000
2026-03-15,3,Demand Forecast,1328532
2026-03-31,3,Demand Forecast,1379631
2026-04-03,3,Demand Forecast,1422009
2026-03-09,3,Demand Forecast,1005420
2026-03-30,3,Demand Forecast,1318146
2026-03-21,4,Demand Forecast,1109445
2026-03-19,4,Demand Forecast,1413180
2026-03-20,4,Demand Forecast,1360203
2026-03-09,4,Demand Forecast,963003
2026-03-07,4,Demand Forecast,1352696
2026-03-04,4,Demand Forecast,1396074
2026-03-11,4,Demand Forecast,1301463
2026-03-18,4,Demand Forecast,1423695
2026-04-03,4,Demand Forecast,1353795
2026-03-25,4,Demand Forecast,1298550
2026-03-30,4,Demand Forecast,1260978
2026-03-17,4,Demand Forecast,1460781
2026-03-29,4,Demand Forecast,1286976
2026-03-27,4,Demand Forecast,1343904
2026-03-16,4,Demand Forecast,1306031
2026-04-01,4,Demand Forecast,1218324
2026-03-06,4,Demand Forecast,1367337
2026-03-08,4,Demand Forecast,1286901
2026-04-02,4,Demand Forecast,1254840
2026-03-12,4,Demand Forecast,1318642
2026-03-10,4,Demand Forecast,1258149
2026-03-14,4,Demand Forecast,1319685
2026-03-22,4,Demand Forecast,1289253
2026-03-24,4,Demand Forecast,1343037
2026-03-31,4,Demand Forecast,1308132
2026-03-15,4,Demand Forecast,1285607
2026-03-28,4,Demand Forecast,1274646
2026-03-23,4,Demand Forecast,1286073
2026-03-05,4,Demand Forecast,1363026
2026-03-13,4,Demand Forecast,1360851
2026-03-26,4,Demand Forecast,1314294
2026-03-29,5,Demand Forecast,1243890
2026-03-13,5,Demand Forecast,1312188
2026-03-26,5,Demand Forecast,1256568
2026-03-28,5,Demand Forecast,1225470
2026-03-17,5,Demand Forecast,1418430
2026-03-27,5,Demand Forecast,1280346
2026-03-25,5,Demand Forecast,1247256
2026-03-14,5,Demand Forecast,1272555
2026-03-18,5,Demand Forecast,1379226
2026-03-06,5,Demand Forecast,1307541
2026-04-03,5,Demand Forecast,855636
2026-03-21,5,Demand Forecast,1058613
2026-04-01,5,Demand Forecast,1156902
2026-03-04,5,Demand Forecast,1333995
2026-03-09,5,Demand Forecast,1135698
2026-03-24,5,Demand Forecast,1290600
2026-03-19,5,Demand Forecast,1363563
2026-03-23,5,Demand Forecast,1225371
2026-03-07,5,Demand Forecast,1297414
2026-03-12,5,Demand Forecast,1258155
2026-03-31,5,Demand Forecast,1242877
2026-03-20,5,Demand Forecast,1300419
2026-04-02,5,Demand Forecast,1198155
2026-03-10,5,Demand Forecast,1242089
2026-03-30,5,Demand Forecast,1204929
2026-03-11,5,Demand Forecast,1240794
2026-03-08,5,Demand Forecast,1242201
2026-03-15,5,Demand Forecast,1241470
2026-03-22,5,Demand Forecast,1230579
2026-03-05,5,Demand Forecast,1301610
2026-03-16,5,Demand Forecast,1257420
2026-03-24,6,Demand Forecast,1203666
2026-04-01,6,Demand Forecast,1135158
2026-03-28,6,Demand Forecast,1224738
2026-03-21,6,Demand Forecast,1193778
2026-03-08,6,Demand Forecast,981784
2026-03-31,6,Demand Forecast,1085065
2026-03-22,6,Demand Forecast,1171977
2026-03-06,6,Demand Forecast,1256262
2026-03-11,6,Demand Forecast,1203679
2026-03-15,6,Demand Forecast,1199358
2026-03-16,6,Demand Forecast,1217955
2026-03-14,6,Demand Forecast,1227955
2026-03-29,6,Demand Forecast,1206369
2026-03-23,6,Demand Forecast,1172013
2026-04-02,6,Demand Forecast,1229376
2026-03-26,6,Demand Forecast,1220014
2026-03-05,6,Demand Forecast,1254217
2026-03-18,6,Demand Forecast,1404618
2026-03-10,6,Demand Forecast,1179473
2026-03-20,6,Demand Forecast,1050324
2026-03-07,6,Demand Forecast,1252029
2026-03-13,6,Demand Forecast,1281372
2026-03-04,6,Demand Forecast,1288194
2026-03-17,6,Demand Forecast,1326220
2026-03-30,6,Demand Forecast,1154112
2026-03-12,6,Demand Forecast,1218268
2026-03-27,6,Demand Forecast,1171052
2026-03-25,6,Demand Forecast,1236954
2026-04-03,6,Demand Forecast,220692
2026-03-19,6,Demand Forecast,1324356
2026-03-09,6,Demand Forecast,1095939
2026-03-12,7,Demand Forecast,1185572
2026-03-06,7,Demand Forecast,1214823
2026-03-27,7,Demand Forecast,1133013
2026-03-22,7,Demand Forecast,1131888
2026-03-31,7,Demand Forecast,1048839
2026-03-17,7,Demand Forecast,1299037
2026-03-15,7,Demand Forecast,1168484
2026-03-13,7,Demand Forecast,1258299
2026-03-07,7,Demand Forecast,1204128
2026-03-14,7,Demand Forecast,1199343
2026-03-11,7,Demand Forecast,1171335
2026-04-01,7,Demand Forecast,1097662
2026-03-10,7,Demand Forecast,1147318
2026-03-29,7,Demand Forecast,1181067
2026-03-05,7,Demand Forecast,1208732
2026-03-09,7,Demand Forecast,1071961
2026-03-20,7,Demand Forecast,1023045
2026-03-21,7,Demand Forecast,1155030
2026-03-04,7,Demand Forecast,1242995
2026-03-24,7,Demand Forecast,1173330
2026-03-18,7,Demand Forecast,1392705
2026-03-30,7,Demand Forecast,1123584
2026-03-25,7,Demand Forecast,1204176
2026-03-26,7,Demand Forecast,1181530
2026-03-08,7,Demand Forecast,944241
2026-04-03,7,Demand Forecast,178509
2026-03-23,7,Demand Forecast,1136151
2026-03-16,7,Demand Forecast,1191869
2026-03-28,7,Demand Forecast,1192919
2026-03-19,7,Demand Forecast,1298769
2026-04-02,7,Demand Forecast,1190673
2026-03-17,8,Demand Forecast,1304541
2026-03-15,8,Demand Forecast,1153866
2026-03-27,8,Demand Forecast,1098954
2026-03-07,8,Demand Forecast,1173909
2026-03-11,8,Demand Forecast,1148034
2026-04-01,8,Demand Forecast,1080111
2026-03-26,8,Demand Forecast,1165002
2026-03-12,8,Demand Forecast,1175271
2026-03-24,8,Demand Forecast,1160643
2026-03-18,8,Demand Forecast,1389711
2026-03-22,8,Demand Forecast,1106469
2026-03-23,8,Demand Forecast,1123548
2026-03-14,8,Demand Forecast,1186605
2026-03-10,8,Demand Forecast,1141320
2026-03-29,8,Demand Forecast,1163049
2026-03-28,8,Demand Forecast,1180107
2026-03-16,8,Demand Forecast,1189392
2026-03-20,8,Demand Forecast,1016397
2026-03-25,8,Demand Forecast,1188228
2026-04-02,8,Demand Forecast,1168099
2026-03-30,8,Demand Forecast,1120332
2026-03-05,8,Demand Forecast,1191294
2026-03-19,8,Demand Forecast,1294125
2026-03-13,8,Demand Forecast,1258275
2026-03-21,8,Demand Forecast,1130625
2026-03-31,8,Demand Forecast,1039203
2026-03-04,8,Demand Forecast,1216122
2026-03-06,8,Demand Forecast,1186763
2026-03-08,8,Demand Forecast,878664
2026-03-09,8,Demand Forecast,1128752
2026-03-31,9,Demand Forecast,1045064
2026-03-21,9,Demand Forecast,1126458
2026-03-24,9,Demand Forecast,1174677
2026-04-02,9,Demand Forecast,1173735
2026-03-23,9,Demand Forecast,1135200
2026-03-05,9,Demand Forecast,1182171
2026-03-14,9,Demand Forecast,1189152
2026-03-28,9,Demand Forecast,1177683
2026-03-22,9,Demand Forecast,1097769
2026-03-13,9,Demand Forecast,1273151
2026-03-04,9,Demand Forecast,1203195
2026-03-18,9,Demand Forecast,1408338
2026-03-30,9,Demand Forecast,1133367
2026-03-29,9,Demand Forecast,1161711
2026-03-07,9,Demand Forecast,1153440
2026-03-11,9,Demand Forecast,1153456
2026-03-12,9,Demand Forecast,1186292
2026-03-10,9,Demand Forecast,1145975
2026-03-19,9,Demand Forecast,1311486
2026-03-15,9,Demand Forecast,1146073
2026-04-01,9,Demand Forecast,1085334
2026-03-26,9,Demand Forecast,1173351
2026-03-20,9,Demand Forecast,1028400
2026-03-17,9,Demand Forecast,1326006
2026-03-25,9,Demand Forecast,1199010
2026-03-16,9,Demand Forecast,1204354
2026-03-27,9,Demand Forecast,1103640
2026-03-08,9,Demand Forecast,827661
2026-03-06,9,Demand Forecast,1174527
2026-03-09,9,Demand Forecast,1137537
2026-03-15,10,Demand Forecast,1152213
2026-03-17,10,Demand Forecast,1378230
2026-03-05,10,Demand Forecast,1193187
2026-03-25,10,Demand Forecast,1238757
2026-03-07,10,Demand Forecast,1148547
2026-03-30,10,Demand Forecast,1174863
2026-04-02,10,Demand Forecast,1208886
2026-03-10,10,Demand Forecast,1183842
2026-03-12,10,Demand Forecast,1222080
2026-03-31,10,Demand Forecast,1082106
2026-03-13,10,Demand Forecast,1314009
2026-03-27,10,Demand Forecast,1136145
2026-03-14,10,Demand Forecast,1204347
2026-03-16,10,Demand Forecast,1253900
2026-03-29,10,Demand Forecast,1171572
2026-03-19,10,Demand Forecast,1354416
2026-03-24,10,Demand Forecast,1212249
2026-03-20,10,Demand Forecast,1062597
2026-03-28,10,Demand Forecast,1190295
2026-03-22,10,Demand Forecast,1096032
2026-03-11,10,Demand Forecast,1187826
2026-03-23,10,Demand Forecast,1175652
2026-03-04,10,Demand Forecast,1214424
2026-03-26,10,Demand Forecast,1207021
2026-03-06,10,Demand Forecast,1181844
2026-03-21,10,Demand Forecast,1131402
2026-03-18,10,Demand Forecast,1455579
2026-03-09,10,Demand Forecast,1181946
2026-03-08,10,Demand Forecast,838425
2026-04-01,10,Demand Forecast,1119984
2026-03-11,11,Demand Forecast,1247513
2026-03-30,11,Demand Forecast,1237671
2026-03-24,11,Demand Forecast,1271244
2026-03-15,11,Demand Forecast,1169757
2026-03-31,11,Demand Forecast,1137780
2026-03-06,11,Demand Forecast,1220375
2026-03-25,11,Demand Forecast,1296525
2026-03-21,11,Demand Forecast,1154028
2026-03-19,11,Demand Forecast,1415460
2026-03-07,11,Demand Forecast,1154247
2026-03-09,11,Demand Forecast,1246573
2026-03-13,11,Demand Forecast,1376364
2026-03-23,11,Demand Forecast,1241853
2026-03-18,11,Demand Forecast,1515186
2026-03-17,11,Demand Forecast,1450234
2026-03-29,11,Demand Forecast,1190016
2026-03-26,11,Demand Forecast,1264431
2026-03-28,11,Demand Forecast,1217594
2026-03-27,11,Demand Forecast,1190565
2026-03-04,11,Demand Forecast,1256742
2026-03-05,11,Demand Forecast,1234644
2026-04-01,11,Demand Forecast,1174503
2026-03-22,11,Demand Forecast,1106517
2026-03-10,11,Demand Forecast,1243116
2026-03-14,11,Demand Forecast,1231419
2026-03-12,11,Demand Forecast,1281852
2026-03-20,11,Demand Forecast,1111194
2026-03-08,11,Demand Forecast,834567
2026-04-02,11,Demand Forecast,1265907
2026-03-16,11,Demand Forecast,1324751
2026-03-30,12,Demand Forecast,1288395
2026-03-10,12,Demand Forecast,1294284
2026-03-31,12,Demand Forecast,1185219
2026-03-24,12,Demand Forecast,1318038
2026-03-07,12,Demand Forecast,1176996
2026-03-19,12,Demand Forecast,1464066
2026-03-09,12,Demand Forecast,1307058
2026-03-29,12,Demand Forecast,1211016
2026-03-17,12,Demand Forecast,1509513
2026-03-20,12,Demand Forecast,1143807
2026-03-11,12,Demand Forecast,1307457
2026-04-01,12,Demand Forecast,1224709
2026-03-14,12,Demand Forecast,1267884
2026-03-26,12,Demand Forecast,1313178
2026-03-23,12,Demand Forecast,1303929
2026-03-18,12,Demand Forecast,1565748
2026-03-04,12,Demand Forecast,1318923
2026-04-02,12,Demand Forecast,1320066
2026-03-08,12,Demand Forecast,869022
2026-03-27,12,Demand Forecast,1243236
2026-03-21,12,Demand Forecast,1185408
2026-03-28,12,Demand Forecast,1247967
2026-03-15,12,Demand Forecast,1195295
2026-03-25,12,Demand Forecast,1342431
2026-03-06,12,Demand Forecast,1279024
2026-03-22,12,Demand Forecast,1130754
2026-03-16,12,Demand Forecast,1397235
2026-03-12,12,Demand Forecast,1347354
2026-03-05,12,Demand Forecast,1297176
2026-03-13,12,Demand Forecast,1434108
2026-03-17,13,Demand Forecast,1533464
2026-03-21,13,Demand Forecast,1210350
2026-03-27,13,Demand Forecast,1278619
2026-03-20,13,Demand Forecast,1146642
2026-04-02,13,Demand Forecast,1354371
2026-03-08,13,Demand Forecast,897702
2026-04-01,13,Demand Forecast,1258160
2026-03-14,13,Demand Forecast,1296078
2026-03-04,13,Demand Forecast,1366275
2026-03-31,13,Demand Forecast,1216977
2026-03-11,13,Demand Forecast,1343883
2026-03-26,13,Demand Forecast,1337325
2026-03-07,13,Demand Forecast,1212220
2026-03-09,13,Demand Forecast,1332012
2026-03-12,13,Demand Forecast,1388736
2026-03-13,13,Demand Forecast,1457295
2026-03-19,13,Demand Forecast,1473324
2026-03-29,13,Demand Forecast,1222050
2026-03-23,13,Demand Forecast,1344513
2026-03-24,13,Demand Forecast,1334598
2026-03-16,13,Demand Forecast,1451676
2026-03-30,13,Demand Forecast,1314033
2026-03-25,13,Demand Forecast,1354440
2026-03-06,13,Demand Forecast,1331471
2026-03-10,13,Demand Forecast,1321457
2026-03-15,13,Demand Forecast,1221246
2026-03-28,13,Demand Forecast,1270995
2026-03-05,13,Demand Forecast,1348728
2026-03-22,13,Demand Forecast,1161777
2026-03-18,13,Demand Forecast,1575468
2026-03-18,14,Demand Forecast,1550223
2026-03-23,14,Demand Forecast,1369560
2026-04-02,14,Demand Forecast,1383219
2026-03-15,14,Demand Forecast,1244676
2026-03-16,14,Demand Forecast,1480998
2026-03-05,14,Demand Forecast,1377651
2026-03-30,14,Demand Forecast,1326153
2026-03-25,14,Demand Forecast,1351497
2026-03-28,14,Demand Forecast,1279760
2026-03-04,14,Demand Forecast,1386813
2026-03-14,14,Demand Forecast,1309824
2026-03-19,14,Demand Forecast,1456203
2026-03-10,14,Demand Forecast,1334689
2026-03-17,14,Demand Forecast,1519044
2026-03-11,14,Demand Forecast,1366719
2026-04-01,14,Demand Forecast,1283564
2026-03-26,14,Demand Forecast,1350339
2026-03-31,14,Demand Forecast,1241461
2026-03-24,14,Demand Forecast,1332273
2026-03-13,14,Demand Forecast,1444533
2026-03-07,14,Demand Forecast,1253028
2026-03-21,14,Demand Forecast,1228518
2026-03-09,14,Demand Forecast,1339197
2026-03-12,14,Demand Forecast,1409405
2026-03-27,14,Demand Forecast,1300272
2026-03-08,14,Demand Forecast,923091
2026-03-20,14,Demand Forecast,1136013
2026-03-22,14,Demand Forecast,1193292
2026-03-29,14,Demand Forecast,1221315
2026-03-06,14,Demand Forecast,1365297
2026-03-08,15,Demand Forecast,939003
2026-03-06,15,Demand Forecast,1389720
2026-03-20,15,Demand Forecast,1120308
2026-03-17,15,Demand Forecast,1483968
2026-03-28,15,Demand Forecast,1277220
2026-03-09,15,Demand Forecast,1341465
2026-03-04,15,Demand Forecast,1390557
2026-03-31,15,Demand Forecast,1260939
2026-04-01,15,Demand Forecast,1302765
2026-03-16,15,Demand Forecast,1488657
2026-04-02,15,Demand Forecast,1406640
2026-03-29,15,Demand Forecast,1209390
2026-03-12,15,Demand Forecast,1411781
2026-03-24,15,Demand Forecast,1319682
2026-03-23,15,Demand Forecast,1382037
2026-03-11,15,Demand Forecast,1385308
2026-03-18,15,Demand Forecast,1508061
2026-03-14,15,Demand Forecast,1310137
2026-03-30,15,Demand Forecast,1331016
2026-03-21,15,Demand Forecast,1237242
2026-03-27,15,Demand Forecast,1312569
2026-03-10,15,Demand Forecast,1349465
2026-03-05,15,Demand Forecast,1391580
2026-03-15,15,Demand Forecast,1258646
2026-03-13,15,Demand Forecast,1423087
2026-03-19,15,Demand Forecast,1426281
2026-03-22,15,Demand Forecast,1218669
2026-03-07,15,Demand Forecast,1289361
2026-03-25,15,Demand Forecast,1340004
2026-03-26,15,Demand Forecast,1357113
2026-03-19,16,Demand Forecast,1395168
2026-03-13,16,Demand Forecast,1393599
2026-03-10,16,Demand Forecast,1359810
2026-03-04,16,Demand Forecast,1385274
2026-03-16,16,Demand Forecast,1482132
2026-03-22,16,Demand Forecast,1243524
2026-03-06,16,Demand Forecast,1403947
2026-03-08,16,Demand Forecast,947351
2026-03-28,16,Demand Forecast,1262400
2026-03-12,16,Demand Forecast,1405624
2026-03-29,16,Demand Forecast,1197176
2026-03-07,16,Demand Forecast,1308380
2026-03-31,16,Demand Forecast,1277370
2026-04-02,16,Demand Forecast,1422048
2026-03-21,16,Demand Forecast,1241703
2026-03-27,16,Demand Forecast,1315110
2026-03-17,16,Demand Forecast,1438992
2026-03-09,16,Demand Forecast,1341120
2026-03-20,16,Demand Forecast,1108461
2026-03-23,16,Demand Forecast,1383201
2026-03-15,16,Demand Forecast,1268067
2026-03-24,16,Demand Forecast,1303026
2026-03-30,16,Demand Forecast,1333509
2026-03-25,16,Demand Forecast,1329891
2026-03-05,16,Demand Forecast,1395384
2026-03-18,16,Demand Forecast,1463751
2026-03-14,16,Demand Forecast,1297422
2026-04-01,16,Demand Forecast,1320049
2026-03-26,16,Demand Forecast,1362540
2026-03-11,16,Demand Forecast,1396191
2026-03-21,17,Demand Forecast,1248513
2026-03-25,17,Demand Forecast,1321515
2026-03-17,17,Demand Forecast,1399605
2026-03-22,17,Demand Forecast,1265166
2026-03-04,17,Demand Forecast,1377513
2026-03-16,17,Demand Forecast,1469646
2026-03-09,17,Demand Forecast,1339671
2026-03-28,17,Demand Forecast,1244853
2026-03-27,17,Demand Forecast,1313577
2026-03-10,17,Demand Forecast,1366876
2026-03-08,17,Demand Forecast,953769
2026-03-24,17,Demand Forecast,1290432
2026-04-01,17,Demand Forecast,1334433
2026-03-13,17,Demand Forecast,1364754
2026-03-20,17,Demand Forecast,1102335
2026-03-30,17,Demand Forecast,1335325
2026-03-06,17,Demand Forecast,1407348
2026-03-31,17,Demand Forecast,1292679
2026-03-05,17,Demand Forecast,1392612
2026-03-15,17,Demand Forecast,1272573
2026-03-26,17,Demand Forecast,1370082
2026-03-23,17,Demand Forecast,1381125
2026-03-07,17,Demand Forecast,1315548
2026-03-11,17,Demand Forecast,1402143
2026-03-29,17,Demand Forecast,1189966
2026-03-14,17,Demand Forecast,1278960
2026-04-02,17,Demand Forecast,1438887
2026-03-18,17,Demand Forecast,1424745
2026-03-19,17,Demand Forecast,1371849
2026-03-12,17,Demand Forecast,1389376
2026-03-30,18,Demand Forecast,1345443
2026-03-15,18,Demand Forecast,1275957
2026-03-08,18,Demand Forecast,961545
2026-03-05,18,Demand Forecast,1390833
2026-03-11,18,Demand Forecast,1409784
2026-03-22,18,Demand Forecast,1290687
2026-04-02,18,Demand Forecast,1453503
2026-03-23,18,Demand Forecast,1381566
2026-03-17,18,Demand Forecast,1369071
2026-03-29,18,Demand Forecast,1187985
2026-03-14,18,Demand Forecast,1263234
2026-03-26,18,Demand Forecast,1384966
2026-03-10,18,Demand Forecast,1374846
2026-03-12,18,Demand Forecast,1374813
2026-03-13,18,Demand Forecast,1348263
2026-03-06,18,Demand Forecast,1409351
2026-03-25,18,Demand Forecast,1320375
2026-03-19,18,Demand Forecast,1357485
2026-03-16,18,Demand Forecast,1456122
2026-03-27,18,Demand Forecast,1315266
2026-03-31,18,Demand Forecast,1310111
2026-03-07,18,Demand Forecast,1316658
2026-03-28,18,Demand Forecast,1230764
2026-04-01,18,Demand Forecast,1350197
2026-03-18,18,Demand Forecast,1396404
2026-03-20,18,Demand Forecast,1106409
2026-03-04,18,Demand Forecast,1369043
2026-03-24,18,Demand Forecast,1285542
2026-03-21,18,Demand Forecast,1260822
2026-03-09,18,Demand Forecast,1342310
2026-03-28,19,Demand Forecast,1228074
2026-03-16,19,Demand Forecast,1442925
2026-03-30,19,Demand Forecast,1360500
2026-03-25,19,Demand Forecast,1330728
2026-03-04,19,Demand Forecast,1367256
2026-03-05,19,Demand Forecast,1394652
2026-03-18,19,Demand Forecast,1381470
2026-03-09,19,Demand Forecast,1348284
2026-03-31,19,Demand Forecast,1328571
2026-04-02,19,Demand Forecast,1467799
2026-03-24,19,Demand Forecast,1290087
2026-03-07,19,Demand Forecast,1315809
2026-03-19,19,Demand Forecast,1356750
2026-03-23,19,Demand Forecast,1389327
2026-03-20,19,Demand Forecast,1123164
2026-03-14,19,Demand Forecast,1256766
2026-03-11,19,Demand Forecast,1420505
2026-03-17,19,Demand Forecast,1353400
2026-03-06,19,Demand Forecast,1414614
2026-03-15,19,Demand Forecast,1282500
2026-03-27,19,Demand Forecast,1323120
2026-03-13,19,Demand Forecast,1338603
2026-03-29,19,Demand Forecast,1196331
2026-03-21,19,Demand Forecast,1283451
2026-03-22,19,Demand Forecast,1321071
2026-03-10,19,Demand Forecast,1388007
2026-03-26,19,Demand Forecast,1411372
2026-03-08,19,Demand Forecast,965037
2026-03-12,19,Demand Forecast,1368135
2026-04-01,19,Demand Forecast,1366473
2026-03-26,20,Demand Forecast,1442376
2026-03-21,20,Demand Forecast,1316856
2026-03-10,20,Demand Forecast,1403592
2026-03-14,20,Demand Forecast,1266492
2026-03-05,20,Demand Forecast,1401580
2026-03-28,20,Demand Forecast,1238472
2026-03-18,20,Demand Forecast,1383132
2026-04-02,20,Demand Forecast,1481079
2026-03-17,20,Demand Forecast,1353972
2026-03-15,20,Demand Forecast,1298370
2026-03-27,20,Demand Forecast,1337628
2026-03-31,20,Demand Forecast,1349033
2026-03-04,20,Demand Forecast,1374342
2026-03-30,20,Demand Forecast,1382937
2026-03-07,20,Demand Forecast,1317537
2026-03-16,20,Demand Forecast,1438539
2026-04-01,20,Demand Forecast,1385913
2026-03-29,20,Demand Forecast,1217928
2026-03-22,20,Demand Forecast,1354692
2026-03-13,20,Demand Forecast,1342266
2026-03-09,20,Demand Forecast,1364257
2026-03-23,20,Demand Forecast,1405401
2026-03-12,20,Demand Forecast,1370334
2026-03-06,20,Demand Forecast,1421658
2026-03-20,20,Demand Forecast,1147785
2026-03-25,20,Demand Forecast,1350648
2026-03-24,20,Demand Forecast,1308069
2026-03-19,20,Demand Forecast,1370145
2026-03-08,20,Demand Forecast,968374
2026-03-11,20,Demand Forecast,1436628
2026-03-10,21,Demand Forecast,1426911
2026-03-28,21,Demand Forecast,1260978
2026-03-04,21,Demand Forecast,1389383
2026-03-09,21,Demand Forecast,1390428
2026-03-26,21,Demand Forecast,1473930
2026-03-14,21,Demand Forecast,1287111
2026-03-08,21,Demand Forecast,977602
2026-03-31,21,Demand Forecast,1372047
2026-03-29,21,Demand Forecast,1251361
2026-03-24,21,Demand Forecast,1336665
2026-03-17,21,Demand Forecast,1376159
2026-03-22,21,Demand Forecast,1388448
2026-03-11,21,Demand Forecast,1456107
2026-03-30,21,Demand Forecast,1415593
2026-03-07,21,Demand Forecast,1325592
2026-03-25,21,Demand Forecast,1382808
2026-04-01,21,Demand Forecast,1407072
2026-03-12,21,Demand Forecast,1385539
2026-03-16,21,Demand Forecast,1450877
2026-03-23,21,Demand Forecast,1429086
2026-03-20,21,Demand Forecast,1178514
2026-03-18,21,Demand Forecast,1405842
2026-04-02,21,Demand Forecast,1504691
2026-03-06,21,Demand Forecast,1431465
2026-03-19,21,Demand Forecast,1397595
2026-03-05,21,Demand Forecast,1413498
2026-03-15,21,Demand Forecast,1323741
2026-03-21,21,Demand Forecast,1357785
2026-03-13,21,Demand Forecast,1358880
2026-03-27,21,Demand Forecast,1358823
2026-03-19,22,Demand Forecast,1433151
2026-03-28,22,Demand Forecast,1294098
2026-03-05,22,Demand Forecast,1433724
2026-03-16,22,Demand Forecast,1476831
2026-04-02,22,Demand Forecast,1518139
2026-03-15,22,Demand Forecast,1352000
2026-03-04,22,Demand Forecast,1414194
2026-03-18,22,Demand Forecast,1445472
2026-03-09,22,Demand Forecast,1418274
2026-03-30,22,Demand Forecast,1448541
2026-03-20,22,Demand Forecast,1211319
2026-03-26,22,Demand Forecast,1506024
2026-03-25,22,Demand Forecast,1420194
2026-03-07,22,Demand Forecast,1336428
2026-03-14,22,Demand Forecast,1317352
2026-03-17,22,Demand Forecast,1414323
2026-03-12,22,Demand Forecast,1404240
2026-03-31,22,Demand Forecast,1392123
2026-04-01,22,Demand Forecast,1422210
2026-03-08,22,Demand Forecast,993084
2026-03-21,22,Demand Forecast,1399395
2026-03-29,22,Demand Forecast,1293645
2026-03-23,22,Demand Forecast,1456371
2026-03-13,22,Demand Forecast,1378555
2026-03-06,22,Demand Forecast,1446129
2026-03-22,22,Demand Forecast,1419357
2026-03-27,22,Demand Forecast,1379727
2026-03-10,22,Demand Forecast,1443651
2026-03-24,22,Demand Forecast,1375245
2026-03-11,22,Demand Forecast,1468773
2026-03-24,23,Demand Forecast,1408005
2026-03-21,23,Demand Forecast,1428672
2026-03-18,23,Demand Forecast,1482999
2026-03-26,23,Demand Forecast,1524939
2026-03-14,23,Demand Forecast,1344089
2026-03-23,23,Demand Forecast,1476423
2026-03-17,23,Demand Forecast,1454173
2026-03-22,23,Demand Forecast,1440105
2026-03-28,23,Demand Forecast,1327014
2026-03-10,23,Demand Forecast,1455039
2026-03-05,23,Demand Forecast,1452078
2026-03-30,23,Demand Forecast,1470977
2026-03-09,23,Demand Forecast,1440534
2026-03-31,23,Demand Forecast,1400508
2026-03-25,23,Demand Forecast,1452459
2026-04-01,23,Demand Forecast,1429180
2026-03-07,23,Demand Forecast,1349847
2026-03-11,23,Demand Forecast,1473424
2026-03-19,23,Demand Forecast,1462794
2026-03-13,23,Demand Forecast,1395114
2026-03-15,23,Demand Forecast,1376501
2026-03-06,23,Demand Forecast,1454994
2026-03-08,23,Demand Forecast,1011721
2026-03-27,23,Demand Forecast,1392483
2026-03-20,23,Demand Forecast,1231845
2026-03-16,23,Demand Forecast,1505868
2026-04-02,23,Demand Forecast,1518021
2026-03-04,23,Demand Forecast,1440092
2026-03-29,23,Demand Forecast,1337778
2026-03-12,23,Demand Forecast,1425966
2026-03-26,0,Net Generation,1507632
2026-03-24,0,Net Generation,1511193
2026-03-10,0,Net Generation,1451736
2026-03-04,0,Net Generation,1494858
2026-03-11,0,Net Generation,1485540
2026-03-05,0,Net Generation,1476696
2026-04-01,0,Net Generation,1528947
2026-03-27,0,Net Generation,1538388
2026-03-19,0,Net Generation,1487706
2026-03-31,0,Net Generation,1470861
2026-03-12,0,Net Generation,1489212
2026-03-08,0,Net Generation,1385172
2026-03-23,0,Net Generation,1474797
2026-03-30,0,Net Generation,1372002
2026-03-22,0,Net Generation,1441071
2026-03-13,0,Net Generation,1447590
2026-03-16,0,Net Generation,1414644
2026-03-29,0,Net Generation,1335198
2026-03-18,0,Net Generation,1555815
2026-03-15,0,Net Generation,1380381
2026-03-17,0,Net Generation,1513341
2026-03-07,0,Net Generation,1476675
2026-03-06,0,Net Generation,1482795
2026-03-25,0,Net Generation,1469007
2026-03-20,0,Net Generation,1479549
2026-03-28,0,Net Generation,1457880
2026-04-02,0,Net Generation,1516188
2026-03-21,0,Net Generation,1464702
2026-03-09,0,Net Generation,1367136
2026-03-14,0,Net Generation,1419534
2026-03-05,1,Net Generation,1490997
2026-03-06,1,Net Generation,1497858
2026-04-01,1,Net Generation,1519755
2026-03-29,1,Net Generation,1362579
2026-03-12,1,Net Generation,1494849
2026-03-25,1,Net Generation,1488753
2026-03-10,1,Net Generation,1459749
2026-03-14,1,Net Generation,1431327
2026-04-02,1,Net Generation,1517868
2026-03-11,1,Net Generation,1491951
2026-03-07,1,Net Generation,1477200
2026-03-16,1,Net Generation,1425942
2026-03-27,1,Net Generation,1536237
2026-03-23,1,Net Generation,1471062
2026-03-09,1,Net Generation,1385613
2026-03-24,1,Net Generation,1514658
2026-03-28,1,Net Generation,1462008
2026-03-20,1,Net Generation,1500201
2026-03-19,1,Net Generation,1519791
2026-03-30,1,Net Generation,1394919
2026-03-22,1,Net Generation,1441338
2026-03-08,1,Net Generation,1396194
2026-03-04,1,Net Generation,1512123
2026-03-13,1,Net Generation,1482219
2026-03-15,1,Net Generation,1398456
2026-03-31,1,Net Generation,1473828
2026-03-21,1,Net Generation,1461498
2026-03-17,1,Net Generation,1540467
2026-03-26,1,Net Generation,1516950
2026-03-18,1,Net Generation,1597299
2026-03-12,2,Net Generation,1474974
2026-03-16,2,Net Generation,1408728
2026-03-08,2,Net Generation,1386315
2026-03-22,2,Net Generation,1416912
2026-03-30,2,Net Generation,1388268
2026-03-17,2,Net Generation,1528428
2026-03-19,2,Net Generation,1511256
2026-03-09,2,Net Generation,1386771
2026-04-01,2,Net Generation,1487199
2026-03-04,2,Net Generation,1509054
2026-03-14,2,Net Generation,1420011
2026-03-23,2,Net Generation,1445493
2026-03-13,2,Net Generation,1482177
2026-03-05,2,Net Generation,1485525
2026-03-15,2,Net Generation,1393686
2026-03-10,2,Net Generation,1439244
2026-03-07,2,Net Generation,1462941
2026-03-18,2,Net Generation,1594665
2026-03-29,2,Net Generation,1365897
2026-03-26,2,Net Generation,1493532
2026-03-20,2,Net Generation,1478244
2026-03-24,2,Net Generation,1489971
2026-03-31,2,Net Generation,1450176
2026-03-27,2,Net Generation,1507251
2026-03-25,2,Net Generation,1477422
2026-03-06,2,Net Generation,1493907
2026-03-11,2,Net Generation,1468878
2026-03-21,2,Net Generation,1433022
2026-03-28,2,Net Generation,1442403
2026-04-02,2,Net Generation,1489203
2026-03-25,3,Net Generation,1427151
2026-03-21,3,Net Generation,1378485
2026-04-02,3,Net Generation,1434888
2026-03-17,3,Net Generation,1483446
2026-03-23,3,Net Generation,1387260
2026-03-14,3,Net Generation,1388223
2026-03-08,3,Net Generation,1360380
2026-03-20,3,Net Generation,1430175
2026-03-11,3,Net Generation,1418619
2026-04-01,3,Net Generation,1430112
2026-03-09,3,Net Generation,1354539
2026-03-04,3,Net Generation,1474002
2026-03-29,3,Net Generation,1342149
2026-03-07,3,Net Generation,1434459
2026-03-15,3,Net Generation,1366929
2026-03-12,3,Net Generation,1421946
2026-03-27,3,Net Generation,1443786
2026-03-22,3,Net Generation,1368552
2026-03-31,3,Net Generation,1399425
2026-03-28,3,Net Generation,1398918
2026-03-30,3,Net Generation,1345860
2026-03-19,3,Net Generation,1467693
2026-03-05,3,Net Generation,1452978
2026-03-06,3,Net Generation,1460736
2026-03-13,3,Net Generation,1444491
2026-03-10,3,Net Generation,1390530
2026-03-26,3,Net Generation,1435449
2026-03-16,3,Net Generation,1366545
2026-03-24,3,Net Generation,1429533
2026-03-18,3,Net Generation,1552557
2026-03-20,4,Net Generation,1370463
2026-03-06,4,Net Generation,1407519
2026-03-23,4,Net Generation,1316826
2026-03-14,4,Net Generation,1343865
2026-03-04,4,Net Generation,1417209
2026-03-08,4,Net Generation,1319715
2026-03-30,4,Net Generation,1291041
2026-03-22,4,Net Generation,1309989
2026-03-05,4,Net Generation,1399527
2026-03-10,4,Net Generation,1334250
2026-03-21,4,Net Generation,1317204
2026-03-27,4,Net Generation,1365849
2026-03-25,4,Net Generation,1364397
2026-03-12,4,Net Generation,1363998
2026-03-07,4,Net Generation,1390773
2026-03-28,4,Net Generation,1340133
2026-03-17,4,Net Generation,1437303
2026-03-24,4,Net Generation,1361541
2026-03-09,4,Net Generation,1303101
2026-03-18,4,Net Generation,1499604
2026-03-31,4,Net Generation,1337175
2026-03-11,4,Net Generation,1357965
2026-04-01,4,Net Generation,1355913
2026-04-02,4,Net Generation,536391
2026-03-29,4,Net Generation,1304061
2026-03-19,4,Net Generation,1411719
2026-03-16,4,Net Generation,1317345
2026-03-13,4,Net Generation,1391655
2026-03-26,4,Net Generation,1364433
2026-03-15,4,Net Generation,1329255
2026-04-02,5,Net Generation,185124
2026-03-25,5,Net Generation,1298727
2026-04-01,5,Net Generation,1275636
2026-03-17,5,Net Generation,1390383
2026-03-24,5,Net Generation,1286886
2026-03-11,5,Net Generation,1290585
2026-03-07,5,Net Generation,1341048
2026-03-27,5,Net Generation,1288731
2026-03-04,5,Net Generation,1354878
2026-03-19,5,Net Generation,1346709
2026-03-21,5,Net Generation,1240374
2026-03-18,5,Net Generation,1433706
2026-03-20,5,Net Generation,1294491
2026-03-06,5,Net Generation,1351875
2026-03-10,5,Net Generation,1268118
2026-03-13,5,Net Generation,1336314
2026-03-29,5,Net Generation,1250430
2026-03-05,5,Net Generation,1338186
2026-03-15,5,Net Generation,1275426
2026-03-16,5,Net Generation,1259841
2026-03-31,5,Net Generation,1259823
2026-03-08,5,Net Generation,1274625
2026-03-14,5,Net Generation,1283592
2026-03-22,5,Net Generation,1236831
2026-03-09,5,Net Generation,1238319
2026-03-23,5,Net Generation,1236831
2026-03-28,5,Net Generation,1273323
2026-03-12,5,Net Generation,1297569
2026-03-26,5,Net Generation,1283214
2026-03-30,5,Net Generation,1220523
2026-03-24,6,Net Generation,1247169
2026-03-08,6,Net Generation,1218174
2026-03-17,6,Net Generation,1393842
2026-03-14,6,Net Generation,1248612
2026-03-11,6,Net Generation,1242345
2026-03-09,6,Net Generation,1191957
2026-03-20,6,Net Generation,1252119
2026-03-06,6,Net Generation,1292169
2026-03-05,6,Net Generation,1271280
2026-04-02,6,Net Generation,120765
2026-03-07,6,Net Generation,1279641
2026-03-27,6,Net Generation,1244568
2026-03-16,6,Net Generation,1225995
2026-03-19,6,Net Generation,1320480
2026-03-28,6,Net Generation,1233870
2026-03-04,6,Net Generation,1298637
2026-03-15,6,Net Generation,1241892
2026-03-30,6,Net Generation,1186047
2026-03-10,6,Net Generation,1229439
2026-03-26,6,Net Generation,1241901
2026-03-21,6,Net Generation,1197981
2026-03-22,6,Net Generation,1192389
2026-03-18,6,Net Generation,1406715
2026-03-23,6,Net Generation,1193034
2026-03-12,6,Net Generation,1258899
2026-03-13,6,Net Generation,1310694
2026-04-01,6,Net Generation,1228194
2026-03-29,6,Net Generation,1219665
2026-03-25,6,Net Generation,1261845
2026-03-31,6,Net Generation,1225998
2026-03-04,7,Net Generation,1253676
2026-03-09,7,Net Generation,1161525
2026-03-20,7,Net Generation,1219257
2026-03-24,7,Net Generation,1213218
2026-03-17,7,Net Generation,1373679
2026-03-19,7,Net Generation,1320114
2026-03-23,7,Net Generation,1150137
2026-03-28,7,Net Generation,1199544
2026-03-26,7,Net Generation,1197423
2026-03-22,7,Net Generation,1154247
2026-03-31,7,Net Generation,1178202
2026-03-14,7,Net Generation,1219998
2026-03-27,7,Net Generation,1200561
2026-04-01,7,Net Generation,1184295
2026-03-10,7,Net Generation,1192944
2026-03-06,7,Net Generation,1255983
2026-03-12,7,Net Generation,1223382
2026-03-07,7,Net Generation,1241130
2026-03-15,7,Net Generation,1215672
2026-03-25,7,Net Generation,1222509
2026-03-05,7,Net Generation,1237350
2026-03-30,7,Net Generation,1150638
2026-03-16,7,Net Generation,1194873
2026-03-18,7,Net Generation,1385325
2026-03-13,7,Net Generation,1287378
2026-03-21,7,Net Generation,1160391
2026-03-29,7,Net Generation,1194273
2026-03-08,7,Net Generation,1191573
2026-03-11,7,Net Generation,1201758
2026-03-22,8,Net Generation,1128477
2026-03-27,8,Net Generation,1164954
2026-03-09,8,Net Generation,1148253
2026-03-04,8,Net Generation,1232832
2026-04-01,8,Net Generation,1158195
2026-03-15,8,Net Generation,1193985
2026-03-26,8,Net Generation,1178784
2026-03-11,8,Net Generation,1189437
2026-03-29,8,Net Generation,1182048
2026-03-28,8,Net Generation,1184451
2026-03-05,8,Net Generation,1204419
2026-03-18,8,Net Generation,1376082
2026-03-25,8,Net Generation,1207680
2026-03-30,8,Net Generation,1144467
2026-03-24,8,Net Generation,1197261
2026-03-14,8,Net Generation,1208037
2026-03-08,8,Net Generation,1180860
2026-03-23,8,Net Generation,1135683
2026-03-13,8,Net Generation,1276344
2026-03-07,8,Net Generation,1210914
2026-03-12,8,Net Generation,1210728
2026-03-20,8,Net Generation,1204425
2026-03-10,8,Net Generation,1172199
2026-03-17,8,Net Generation,1370556
2026-03-06,8,Net Generation,1225980
2026-03-31,8,Net Generation,1160229
2026-03-21,8,Net Generation,1136460
2026-03-19,8,Net Generation,1307838
2026-03-16,8,Net Generation,1185480
2026-03-24,9,Net Generation,1194708
2026-03-26,9,Net Generation,1170273
2026-03-12,9,Net Generation,1203378
2026-03-18,9,Net Generation,1379766
2026-03-04,9,Net Generation,1218627
2026-03-15,9,Net Generation,1178766
2026-03-27,9,Net Generation,1154304
2026-03-16,9,Net Generation,1185975
2026-03-05,9,Net Generation,1189647
2026-03-13,9,Net Generation,1279848
2026-03-29,9,Net Generation,1175184
2026-03-19,9,Net Generation,1309071
2026-03-14,9,Net Generation,1198980
2026-03-11,9,Net Generation,1182327
2026-03-23,9,Net Generation,1130514
2026-03-17,9,Net Generation,1378128
2026-04-01,9,Net Generation,1146501
2026-03-30,9,Net Generation,1141236
2026-03-10,9,Net Generation,1164495
2026-03-28,9,Net Generation,1175697
2026-03-20,9,Net Generation,1200018
2026-03-09,9,Net Generation,1144077
2026-03-31,9,Net Generation,1147188
2026-03-25,9,Net Generation,1206018
2026-03-08,9,Net Generation,1163256
2026-03-06,9,Net Generation,1208289
2026-03-21,9,Net Generation,1124517
2026-03-07,9,Net Generation,1193097
2026-03-22,9,Net Generation,1108911
2026-03-23,10,Net Generation,1148406
2026-03-04,10,Net Generation,1217580
2026-03-21,10,Net Generation,1122249
2026-03-12,10,Net Generation,1225221
2026-03-16,10,Net Generation,1208430
2026-03-13,10,Net Generation,1310139
2026-03-30,10,Net Generation,1161279
2026-03-05,10,Net Generation,1186335
2026-04-01,10,Net Generation,1162791
2026-03-11,10,Net Generation,1198320
2026-03-17,10,Net Generation,1418082
2026-03-07,10,Net Generation,1181766
2026-03-26,10,Net Generation,1185747
2026-03-08,10,Net Generation,1155561
2026-03-28,10,Net Generation,1180467
2026-03-27,10,Net Generation,1169016
2026-03-24,10,Net Generation,1224939
2026-03-18,10,Net Generation,1413900
2026-03-22,10,Net Generation,1102119
2026-03-20,10,Net Generation,1225857
2026-03-31,10,Net Generation,1168002
2026-03-10,10,Net Generation,1185858
2026-03-14,10,Net Generation,1205412
2026-03-19,10,Net Generation,1338504
2026-03-25,10,Net Generation,1236282
2026-03-06,10,Net Generation,1203729
2026-03-29,10,Net Generation,1181157
2026-03-15,10,Net Generation,1177584
2026-03-09,10,Net Generation,1172847
2026-03-17,11,Net Generation,1495155
2026-03-06,11,Net Generation,1226457
2026-03-05,11,Net Generation,1212225
2026-03-24,11,Net Generation,1296396
2026-03-11,11,Net Generation,1248462
2026-03-07,11,Net Generation,1180584
2026-03-21,11,Net Generation,1135914
2026-03-19,11,Net Generation,1406028
2026-03-18,11,Net Generation,1482936
2026-03-28,11,Net Generation,1206471
2026-03-08,11,Net Generation,1159923
2026-03-15,11,Net Generation,1187997
2026-03-20,11,Net Generation,1286880
2026-03-13,11,Net Generation,1375026
2026-03-26,11,Net Generation,1248876
2026-03-09,11,Net Generation,1241886
2026-03-04,11,Net Generation,1244337
2026-03-22,11,Net Generation,1106691
2026-03-29,11,Net Generation,1203111
2026-03-27,11,Net Generation,1218825
2026-03-30,11,Net Generation,1222809
2026-03-12,11,Net Generation,1277613
2026-03-16,11,Net Generation,1270062
2026-03-14,11,Net Generation,1229073
2026-03-31,11,Net Generation,1227495
2026-03-25,11,Net Generation,1304004
2026-04-01,11,Net Generation,1211730
2026-03-10,11,Net Generation,1244880
2026-03-23,11,Net Generation,1204911
2026-03-26,12,Net Generation,1312161
2026-03-09,12,Net Generation,1307214
2026-03-11,12,Net Generation,1310001
2026-03-27,12,Net Generation,1276290
2026-03-12,12,Net Generation,1342380
2026-03-19,12,Net Generation,1465041
2026-03-18,12,Net Generation,1549314
2026-03-08,12,Net Generation,1176000
2026-03-13,12,Net Generation,1442829
2026-03-29,12,Net Generation,1230849
2026-03-21,12,Net Generation,1167480
2026-03-22,12,Net Generation,1129122
2026-03-25,12,Net Generation,1364946
2026-03-07,12,Net Generation,1194009
2026-03-04,12,Net Generation,1310604
2026-03-15,12,Net Generation,1215915
2026-03-28,12,Net Generation,1241112
2026-03-30,12,Net Generation,1282323
2026-03-10,12,Net Generation,1307334
2026-04-01,12,Net Generation,1271415
2026-03-20,12,Net Generation,1346901
2026-03-16,12,Net Generation,1337790
2026-03-06,12,Net Generation,1284399
2026-03-23,12,Net Generation,1273578
2026-03-31,12,Net Generation,1287282
2026-03-05,12,Net Generation,1277256
2026-03-17,12,Net Generation,1575363
2026-03-24,12,Net Generation,1362063
2026-03-14,12,Net Generation,1266132
2026-03-06,13,Net Generation,1340274
2026-03-30,13,Net Generation,1311024
2026-03-19,13,Net Generation,1493127
2026-03-04,13,Net Generation,1367142
2026-03-20,13,Net Generation,1369290
2026-03-14,13,Net Generation,1297620
2026-03-22,13,Net Generation,1163187
2026-04-01,13,Net Generation,1305333
2026-03-24,13,Net Generation,1383666
2026-03-18,13,Net Generation,1574076
2026-03-13,13,Net Generation,1470150
2026-03-23,13,Net Generation,1323576
2026-03-26,13,Net Generation,1340490
2026-03-31,13,Net Generation,1320552
2026-03-16,13,Net Generation,1387944
2026-03-10,13,Net Generation,1338870
2026-03-15,13,Net Generation,1248282
2026-03-12,13,Net Generation,1389033
2026-03-29,13,Net Generation,1243647
2026-03-09,13,Net Generation,1336896
2026-03-17,13,Net Generation,1609917
2026-03-21,13,Net Generation,1200864
2026-03-05,13,Net Generation,1339608
2026-03-11,13,Net Generation,1347384
2026-03-25,13,Net Generation,1383990
2026-03-28,13,Net Generation,1264680
2026-03-07,13,Net Generation,1225170
2026-03-08,13,Net Generation,1201680
2026-03-27,13,Net Generation,1318929
2026-03-15,14,Net Generation,1280166
2026-03-28,14,Net Generation,1277535
2026-03-11,14,Net Generation,1372251
2026-03-31,14,Net Generation,1348035
2026-03-04,14,Net Generation,1391556
2026-03-08,14,Net Generation,1238295
2026-03-14,14,Net Generation,1319772
2026-03-25,14,Net Generation,1378269
2026-03-17,14,Net Generation,1600362
2026-03-30,14,Net Generation,1324365
2026-03-19,14,Net Generation,1479642
2026-03-06,14,Net Generation,1378506
2026-03-22,14,Net Generation,1203732
2026-03-09,14,Net Generation,1343460
2026-03-16,14,Net Generation,1426095
2026-03-12,14,Net Generation,1415451
2026-03-13,14,Net Generation,1467336
2026-03-18,14,Net Generation,1560873
2026-03-23,14,Net Generation,1357755
2026-03-05,14,Net Generation,1380561
2026-03-20,14,Net Generation,1357503
2026-03-24,14,Net Generation,1376544
2026-03-21,14,Net Generation,1225266
2026-03-26,14,Net Generation,1353033
2026-03-27,14,Net Generation,1347789
2026-03-29,14,Net Generation,1243668
2026-03-10,14,Net Generation,1352322
2026-03-07,14,Net Generation,1273893
2026-04-01,14,Net Generation,1338432
2026-03-16,15,Net Generation,1449795
2026-03-29,15,Net Generation,1235280
2026-03-04,15,Net Generation,1399221
2026-03-09,15,Net Generation,1347339
2026-03-07,15,Net Generation,1316571
2026-03-05,15,Net Generation,1405593
2026-03-19,15,Net Generation,1450545
2026-03-25,15,Net Generation,1365060
2026-03-17,15,Net Generation,1568322
2026-03-14,15,Net Generation,1330404
2026-03-23,15,Net Generation,1380297
2026-04-01,15,Net Generation,1339962
2026-03-20,15,Net Generation,1338942
2026-03-12,15,Net Generation,1427361
2026-03-26,15,Net Generation,1358805
2026-03-30,15,Net Generation,1328928
2026-03-27,15,Net Generation,1363794
2026-03-28,15,Net Generation,1282395
2026-03-11,15,Net Generation,1395432
2026-03-08,15,Net Generation,1267830
2026-03-31,15,Net Generation,1378938
2026-03-18,15,Net Generation,1524789
2026-03-10,15,Net Generation,1368570
2026-03-13,15,Net Generation,1447380
2026-03-06,15,Net Generation,1408050
2026-03-21,15,Net Generation,1238952
2026-03-22,15,Net Generation,1238397
2026-03-15,15,Net Generation,1297677
2026-03-24,15,Net Generation,1365447
2026-03-11,16,Net Generation,1409652
2026-03-07,16,Net Generation,1345611
2026-03-05,16,Net Generation,1415796
2026-03-10,16,Net Generation,1382445
2026-03-21,16,Net Generation,1252851
2026-03-18,16,Net Generation,1479666
2026-03-04,16,Net Generation,1399299
2026-03-28,16,Net Generation,1280130
2026-03-24,16,Net Generation,1352934
2026-03-12,16,Net Generation,1421718
2026-03-31,16,Net Generation,1397883
2026-03-27,16,Net Generation,1383525
2026-03-15,16,Net Generation,1306374
2026-04-01,16,Net Generation,1397049
2026-03-06,16,Net Generation,1428312
2026-03-22,16,Net Generation,1264848
2026-03-08,16,Net Generation,1285170
2026-03-23,16,Net Generation,1392384
2026-03-09,16,Net Generation,1347882
2026-03-17,16,Net Generation,1529715
2026-03-20,16,Net Generation,1329930
2026-03-29,16,Net Generation,1223328
2026-03-14,16,Net Generation,1326342
2026-03-16,16,Net Generation,1454541
2026-03-30,16,Net Generation,1333482
2026-03-26,16,Net Generation,1378182
2026-03-19,16,Net Generation,1420773
2026-03-25,16,Net Generation,1356636
2026-03-13,16,Net Generation,1423125
2026-03-28,17,Net Generation,1269150
2026-03-27,17,Net Generation,1368198
2026-03-29,17,Net Generation,1210536
2026-03-05,17,Net Generation,1419615
2026-03-15,17,Net Generation,1315242
2026-03-17,17,Net Generation,1498194
2026-03-26,17,Net Generation,1375557
2026-03-31,17,Net Generation,1416198
2026-03-19,17,Net Generation,1395717
2026-03-22,17,Net Generation,1285347
2026-03-18,17,Net Generation,1433766
2026-03-25,17,Net Generation,1351536
2026-03-12,17,Net Generation,1407603
2026-03-23,17,Net Generation,1399404
2026-03-20,17,Net Generation,1325943
2026-04-01,17,Net Generation,1418982
2026-03-13,17,Net Generation,1407627
2026-03-04,17,Net Generation,1395723
2026-03-11,17,Net Generation,1422249
2026-03-16,17,Net Generation,1452063
2026-03-30,17,Net Generation,1341414
2026-03-06,17,Net Generation,1436931
2026-03-24,17,Net Generation,1341762
2026-03-09,17,Net Generation,1349463
2026-03-21,17,Net Generation,1257987
2026-03-14,17,Net Generation,1315203
2026-03-07,17,Net Generation,1361781
2026-03-10,17,Net Generation,1397946
2026-03-08,17,Net Generation,1289271
2026-03-15,18,Net Generation,1323447
2026-03-19,18,Net Generation,1380294
2026-03-28,18,Net Generation,1254336
2026-03-12,18,Net Generation,1403013
2026-03-22,18,Net Generation,1306881
2026-03-21,18,Net Generation,1268025
2026-03-30,18,Net Generation,1351776
2026-03-13,18,Net Generation,1386876
2026-03-16,18,Net Generation,1449747
2026-03-23,18,Net Generation,1406430
2026-03-09,18,Net Generation,1350765
2026-03-20,18,Net Generation,1332567
2026-03-26,18,Net Generation,1366038
2026-03-27,18,Net Generation,1395738
2026-03-18,18,Net Generation,1398972
2026-03-24,18,Net Generation,1337619
2026-03-10,18,Net Generation,1408614
2026-03-25,18,Net Generation,1352340
2026-03-11,18,Net Generation,1432905
2026-03-17,18,Net Generation,1469433
2026-03-05,18,Net Generation,1419105
2026-03-31,18,Net Generation,1437771
2026-04-01,18,Net Generation,1445961
2026-03-14,18,Net Generation,1303278
2026-03-08,18,Net Generation,1286163
2026-03-07,18,Net Generation,1369305
2026-03-04,18,Net Generation,1392735
2026-03-06,18,Net Generation,1446690
2026-03-29,18,Net Generation,1200861
2026-03-11,19,Net Generation,1439466
2026-03-31,19,Net Generation,1454715
2026-03-10,19,Net Generation,1418970
2026-03-09,19,Net Generation,1360248
2026-03-21,19,Net Generation,1288617
2026-03-16,19,Net Generation,1443465
2026-03-24,19,Net Generation,1338486
2026-04-01,19,Net Generation,1470729
2026-03-06,19,Net Generation,1454379
2026-03-26,19,Net Generation,1424073
2026-03-20,19,Net Generation,1350477
2026-03-23,19,Net Generation,1418862
2026-03-07,19,Net Generation,1369089
2026-03-27,19,Net Generation,1390281
2026-03-17,19,Net Generation,1445073
2026-03-12,19,Net Generation,1395948
2026-03-22,19,Net Generation,1335753
2026-03-29,19,Net Generation,1206081
2026-03-14,19,Net Generation,1302504
2026-03-28,19,Net Generation,1245132
2026-03-25,19,Net Generation,1360665
2026-03-30,19,Net Generation,1362984
2026-03-18,19,Net Generation,1375515
2026-03-04,19,Net Generation,1394718
2026-03-08,19,Net Generation,1284381
2026-03-15,19,Net Generation,1335438
2026-03-13,19,Net Generation,1372203
2026-03-05,19,Net Generation,1425207
2026-03-19,19,Net Generation,1364694
2026-03-28,20,Net Generation,1246233
2026-03-04,20,Net Generation,1398765
2026-03-20,20,Net Generation,1377720
2026-03-15,20,Net Generation,1348587
2026-03-19,20,Net Generation,1365321
2026-03-08,20,Net Generation,1285029
2026-03-22,20,Net Generation,1371789
2026-03-24,20,Net Generation,1352373
2026-03-16,20,Net Generation,1443339
2026-03-12,20,Net Generation,1386171
2026-03-29,20,Net Generation,1223958
2026-03-25,20,Net Generation,1389042
2026-03-11,20,Net Generation,1449738
2026-03-13,20,Net Generation,1374174
2026-03-06,20,Net Generation,1459092
2026-03-14,20,Net Generation,1306281
2026-03-09,20,Net Generation,1366722
2026-03-17,20,Net Generation,1432902
2026-03-10,20,Net Generation,1430562
2026-03-18,20,Net Generation,1365690
2026-03-26,20,Net Generation,1450734
2026-04-01,20,Net Generation,1490076
2026-03-07,20,Net Generation,1367436
2026-03-30,20,Net Generation,1385127
2026-03-05,20,Net Generation,1429665
2026-03-21,20,Net Generation,1322076
2026-03-31,20,Net Generation,1469730
2026-03-27,20,Net Generation,1403667
2026-03-23,20,Net Generation,1433310
2026-03-23,21,Net Generation,1453146
2026-03-11,21,Net Generation,1461294
2026-03-25,21,Net Generation,1418946
2026-03-10,21,Net Generation,1446252
2026-03-13,21,Net Generation,1374984
2026-03-09,21,Net Generation,1386663
2026-03-16,21,Net Generation,1447542
2026-03-19,21,Net Generation,1384692
2026-03-27,21,Net Generation,1416483
2026-03-24,21,Net Generation,1378287
2026-03-04,21,Net Generation,1410663
2026-03-20,21,Net Generation,1410300
2026-03-06,21,Net Generation,1463649
2026-03-26,21,Net Generation,1478622
2026-03-18,21,Net Generation,1377162
2026-03-21,21,Net Generation,1368582
2026-03-29,21,Net Generation,1262598
2026-04-01,21,Net Generation,1510170
2026-03-14,21,Net Generation,1318842
2026-03-22,21,Net Generation,1409496
2026-03-28,21,Net Generation,1258596
2026-03-08,21,Net Generation,1295139
2026-03-05,21,Net Generation,1441527
2026-03-07,21,Net Generation,1370877
2026-03-12,21,Net Generation,1386168
2026-03-15,21,Net Generation,1363785
2026-03-30,21,Net Generation,1410957
2026-03-31,21,Net Generation,1488975
2026-03-17,21,Net Generation,1441851
2026-03-22,22,Net Generation,1449231
2026-03-08,22,Net Generation,1314306
2026-03-23,22,Net Generation,1479603
2026-03-15,22,Net Generation,1381749
2026-04-01,22,Net Generation,1527216
2026-03-20,22,Net Generation,1439463
2026-03-12,22,Net Generation,1391139
2026-03-16,22,Net Generation,1463151
2026-03-25,22,Net Generation,1452696
2026-03-04,22,Net Generation,1426410
2026-03-17,22,Net Generation,1464705
2026-03-11,22,Net Generation,1477530
2026-03-29,22,Net Generation,1299705
2026-03-10,22,Net Generation,1468860
2026-03-09,22,Net Generation,1412064
2026-03-06,22,Net Generation,1472574
2026-03-30,22,Net Generation,1441278
2026-03-28,22,Net Generation,1284594
2026-03-24,22,Net Generation,1410117
2026-03-26,22,Net Generation,1512225
2026-03-18,22,Net Generation,1404807
2026-03-07,22,Net Generation,1369980
2026-03-19,22,Net Generation,1418331
2026-03-27,22,Net Generation,1438905
2026-03-31,22,Net Generation,1512228
2026-03-13,22,Net Generation,1388397
2026-03-05,22,Net Generation,1447401
2026-03-14,22,Net Generation,1336395
2026-03-21,22,Net Generation,1407219
2026-03-17,23,Net Generation,1502403
2026-03-16,23,Net Generation,1482012
2026-03-22,23,Net Generation,1472847
2026-03-25,23,Net Generation,1488423
2026-03-14,23,Net Generation,1360101
2026-03-11,23,Net Generation,1486485
2026-03-31,23,Net Generation,1526484
2026-03-10,23,Net Generation,1480272
2026-03-18,23,Net Generation,1444077
2026-03-13,23,Net Generation,1400796
2026-03-06,23,Net Generation,1475778
2026-03-29,23,Net Generation,1338393
2026-03-15,23,Net Generation,1402647
2026-03-26,23,Net Generation,1534434
2026-03-08,23,Net Generation,1344135
2026-03-05,23,Net Generation,1461993
2026-03-12,23,Net Generation,1412847
2026-03-20,23,Net Generation,1457580
2026-04-01,23,Net Generation,1521399
2026-03-21,23,Net Generation,1432980
2026-03-28,23,Net Generation,1309086
2026-03-30,23,Net Generation,1459623
2026-03-24,23,Net Generation,1439742
2026-03-19,23,Net Generation,1450761
2026-03-04,23,Net Generation,1452231
2026-03-27,23,Net Generation,1453290
2026-03-07,23,Net Generation,1371993
2026-03-09,23,Net Generation,1435419
2026-03-23,23,Net Generation,1500825